"series","outcome","n","est","lo","hi"
"Versius","or",1,290.002788086547,245.173091361248,348.493474182377
"Versius","or",2,285.281721458962,242.968125074237,339.881552872428
"Versius","or",3,280.638472342859,240.555207391694,331.521971204769
"Versius","or",4,276.073223904092,238.561040977826,323.625727221374
"Versius","or",5,271.586737453706,236.023307998426,316.537024439674
"Versius","or",6,267.180161412878,233.928881102077,309.664451335454
"Versius","or",7,262.854680872735,231.700428902685,301.512878850847
"Versius","or",8,258.611722103334,229.233001504695,294.212729464783
"Versius","or",9,254.452967097931,227.33934488998,287.202189406725
"Versius","or",10,250.380282915956,225.108995095167,281.003151937534
"Versius","or",11,246.395658300695,222.731555553943,274.739273510374
"Versius","or",12,242.501147258314,220.636708502616,268.783890880631
"Versius","or",13,238.698819272226,218.120922675039,263.366887855965
"Versius","or",14,234.990715811616,216.028543242949,258.102061462182
"Versius","or",15,231.378812777301,214.051643730979,253.138607661713
"Versius","or",16,227.864988513792,211.52194881013,248.049155393212
"Versius","or",17,224.450997003861,208.821253556258,243.166784736399
"Versius","or",18,221.138445852889,206.46111083163,238.672119957014
"Versius","or",19,217.928778664345,203.519049521872,235.042036017306
"Versius","or",20,214.823261406077,200.927103382677,231.535448895342
"Versius","or",21,211.822972369196,198.410936916266,228.101421835145
"Versius","or",22,208.928795327457,195.831968374778,224.790928041224
"Versius","or",23,206.141415514945,192.952853207164,222.09196462979
"Versius","or",24,203.461318052992,190.233307244596,219.429569944683
"Versius","or",25,200.888788473774,187.596858102158,216.95330172037
"Versius","or",26,198.423915006739,185.149861567082,214.963988563472
"Versius","or",27,196.066592315231,182.442850238734,212.610834970397
"Versius","or",28,193.816526393321,179.924686346827,210.22806147872
"Versius","or",29,191.673240356899,177.334811584913,208.501504561145
"Versius","or",30,189.636080887766,175.04569250146,206.403581730022
"Versius","or",31,187.704225114667,172.977743867033,204.860527822528
"Versius","or",32,185.876687740297,171.041508990161,203.227832975669
"Versius","or",33,184.152328248218,169.334197223766,201.582943122879
"Versius","or",34,182.529858047921,167.737480223857,199.914655745947
"Versius","or",35,181.007847439638,166.224482257316,198.341873345862
"Versius","or",36,179.584732303115,164.733390321056,196.91262425839
"Versius","or",37,178.258820435728,163.127238813017,195.683047689073
"Versius","or",38,177.028297485534,161.904655461844,194.265021177004
"Versius","or",39,175.891232443407,160.933812320911,193.151830227099
"Versius","or",40,174.845582675814,160.105544021031,191.9297235467
"Versius","or",41,173.889240959055,159.140829252785,190.594759607651
"Versius","or",42,173.020165291723,158.545485668367,189.283805608555
"Versius","or",43,172.236252789009,157.763630461343,188.156371532702
"Versius","or",44,171.535301253348,157.159191891663,187.145425784611
"Versius","or",45,170.915013292198,156.788925049979,186.374537418234
"Versius","or",46,170.373000084936,156.344300171912,185.571821311552
"Versius","or",47,169.906784860751,156.327517119705,184.814658658592
"Versius","or",48,169.513806155482,156.176648857376,184.08474163248
"Versius","or",49,169.19142092008,156.051573744656,183.452151762665
"Versius","or",50,168.9369075567,156.004788766598,182.983201910717
"Versius","or",51,168.747468960428,156.137482166988,182.542342145976
"Versius","or",52,168.620235645304,156.256756638752,182.225733331349
"Versius","or",53,168.552269032623,156.270616940259,181.673864260606
"Versius","or",54,168.540564977462,156.563886920212,181.30660103045
"Versius","or",55,168.582057606137,156.995083363158,181.14287296118
"Versius","or",56,168.67362353256,157.180547144086,180.872327868829
"Versius","or",57,168.812086515832,157.430939165774,180.741831507133
"Versius","or",58,168.994222614089,157.652649341343,180.710803655735
"Versius","or",59,169.216765881674,157.960645827685,180.993616445851
"Versius","or",60,169.476414647208,158.191101411065,181.075788651047
"Versius","or",61,169.769838400104,158.602740459034,181.491290170203
"Versius","or",62,170.093685301809,159.02791555663,181.976312978038
"Versius","or",63,170.444590326323,159.300559414175,182.260490035728
"Versius","or",64,170.819184022233,159.42735547803,182.701775787644
"Versius","or",65,171.214101875626,160.077403374179,183.174139421215
"Versius","or",66,171.6259942405,160.606558239945,183.415729251331
"Versius","or",67,172.051536790301,160.84895382494,183.806138516951
"Versius","or",68,172.487441431653,161.056530023561,184.569785003913
"Versius","or",69,172.930467609292,161.341673666921,185.414117976439
"Versius","or",70,173.377433919786,161.365441528295,186.055871304041
"Versius","or",71,173.825229941303,161.540963036024,186.696001427287
"Versius","or",72,174.270828177537,161.724954140587,187.23571218222
"Versius","or",73,174.711296006124,162.100523653298,187.890597329682
"Versius","or",74,175.143807515778,162.652315960163,188.718168379163
"Versius","or",75,175.565655112084,162.768006318655,189.401778273191
"Versius","or",76,175.974260769408,163.101739905213,190.089557241119
"Versius","or",77,176.367186806061,163.242491793839,190.718396295043
"Versius","or",78,176.742146061453,163.710718795523,191.326048516552
"Versius","or",79,177.097011357879,163.940279353531,191.876786619397
"Versius","or",80,177.429824135235,164.115434937362,192.387085108042
"Versius","or",81,177.738802154882,164.308260058373,192.848944008127
"Versius","or",82,178.022346178493,164.531157900943,193.201559618614
"Versius","or",83,178.279045538978,164.798146761751,193.648940795021
"Versius","or",84,178.507682533482,164.968686254058,193.81963562392
"Versius","or",85,178.707235582351,164.982013334609,194.241889692359
"Versius","or",86,178.876881113049,165.103140140722,194.447247305544
"Versius","or",87,179.015994143567,165.105777215494,194.742799425014
"Versius","or",88,179.124147555936,165.338140903944,194.484714243847
"Versius","or",89,179.201110066501,165.560684393763,194.543841338729
"Versius","or",90,179.246842915394,165.660029246839,194.631913550329
"Versius","or",91,179.261495312946,165.684975960098,194.477412416855
"Versius","or",92,179.245398695223,165.732709295991,194.241933488337
"Versius","or",93,179.199059854152,165.841365044191,193.894790256474
"Versius","or",94,179.123153019863,165.767174502697,193.714429316148
"Versius","or",95,179.018510983332,165.837338000712,193.565378122105
"Versius","or",96,178.886115356463,165.906388167804,193.56919998906
"Versius","or",97,178.727086073808,165.796316659781,193.4552961384
"Versius","or",98,178.542670245642,165.599497831676,193.348510457343
"Versius","or",99,178.334230475609,165.606905158594,192.966043207237
"Versius","or",100,178.103232757922,165.549489053517,192.642528679077
"Versius","or",101,177.851234069187,165.381010387664,192.171845480534
"Versius","or",102,177.579869768228,165.092502188203,191.834733783589
"Versius","or",103,177.290840914181,164.818904321668,191.531551601161
"Versius","or",104,176.985901608592,164.437722428582,190.936968143668
"Versius","or",105,176.666846461504,164.14893752394,190.62315651343
"Versius","or",106,176.335498274767,163.827101887646,190.306540324281
"Versius","or",107,175.993696028187,163.498374134103,190.000480197256
"Versius","or",108,175.643283245916,163.312447726556,189.421245271336
"Versius","or",109,175.286096811774,163.123400167871,188.999881837438
"Versius","or",110,174.923956293261,162.864985520224,188.509827094595
"Versius","or",111,174.558653825004,162.52669239829,187.777633092565
"Versius","or",112,174.191944593427,162.154563467375,187.459613324339
"Versius","or",113,173.825537955753,161.714061015225,187.068473800623
"Versius","or",114,173.461089218071,161.350532253698,186.670974037787
"Versius","or",115,173.100192089387,161.067384188734,186.301709570579
"Versius","or",116,172.744371821241,160.854437182861,186.008651614611
"Versius","or",117,172.395079035812,160.53193595255,185.728564609754
"Versius","or",118,172.053684239505,160.222977308654,185.442090231161
"Versius","or",119,171.721473013676,159.970062407986,185.008303014418
"Versius","or",120,171.39964186971,159.630097646195,184.599171247874
"Versius","or",121,171.089294751787,159.3592535785,184.330044655825
"Versius","or",122,170.79144016764,159.004442206794,183.87322888324
"Versius","or",123,170.506988925125,158.765335900191,183.526236248007
"Versius","or",124,170.236752450705,158.549386194767,183.145799579544
"Versius","or",125,169.981441664662,158.203097344829,182.720973883679
"Versius","or",126,169.74166638723,157.82598954887,182.389277045622
"Versius","or",127,169.517935249565,157.598609813127,182.067595058504
"Versius","or",128,169.310656083655,157.569529799201,181.66882389717
"Versius","or",129,169.120136765717,157.477124874015,181.365185778382
"Versius","or",130,168.946586488405,157.304147387617,181.129274285942
"Versius","or",131,168.790117438014,157.110279536162,180.966324079549
"Versius","or",132,168.650746853932,157.193218303881,180.736247968651
"Versius","or",133,168.528399448676,157.207978754264,180.691702688072
"Versius","or",134,168.422910167918,157.183492173648,180.526783436577
"Versius","or",135,168.334027270992,157.0325247806,180.352769627745
"Versius","or",136,168.261415713267,156.982903690138,180.29266898651
"Versius","or",137,168.204660812627,157.063455626307,180.238993231624
"Versius","or",138,168.163272182938,156.985354293603,180.268371428205
"Versius","or",139,168.13668791783,157.042796893233,180.19737547079
"Versius","or",140,168.124279008399,157.204409941834,180.2124279313
"Versius","or",141,168.12535397847,157.287681603504,180.206841088861
"Versius","or",142,168.139163720883,157.264299382283,180.386975196753
"Versius","or",143,168.164906517885,157.30151121187,180.382508429388
"Versius","or",144,168.201733228118,157.34467514152,180.492685421214
"Versius","or",145,168.248752621927,157.281423431656,180.608655368564
"Versius","or",146,168.305036845787,157.23705532203,180.647325766889
"Versius","or",147,168.369626995563,157.308188398781,180.755527286556
"Versius","or",148,168.44153877719,157.456594404098,180.893147200927
"Versius","or",149,168.519768232103,157.417978332037,181.090056423983
"Versius","or",150,168.603297503534,157.279855912199,181.248486060631
"Versius","or",151,168.691100618521,157.548193775216,181.23516568619
"Versius","or",152,168.78214925937,157.620098502003,181.332973007746
"Versius","or",153,168.875418497164,157.777738417364,181.524128205816
"Versius","or",154,168.969892459086,157.78242844926,181.754568488989
"Versius","or",155,169.064569900495,157.898464710094,181.840074508031
"Versius","or",156,169.158469652254,158.147499124893,181.941036580395
"Versius","or",157,169.250635913494,158.140200643173,182.200991766596
"Versius","or",158,169.340143360046,158.187341158198,182.281173717733
"Versius","or",159,169.426102039089,158.213206920081,182.33143909681
"Versius","or",160,169.507662021192,158.14443472932,182.517841462186
"Versius","or",161,169.584017781935,158.354558868601,182.834112270908
"Versius","or",162,169.654412286589,158.473691128394,182.793104824081
"Versius","or",163,169.718140752966,158.531305209733,182.766680713091
"Versius","or",164,169.774554069574,158.56222664595,182.817072132868
"Versius","or",165,169.823061848412,158.679766936373,182.637020137308
"Versius","or",166,169.863135094387,158.556971449377,182.749181728289
"Versius","or",167,169.894308476057,158.663088966748,182.878506135798
"Versius","or",168,169.916182185516,158.558239304967,182.782442180068
"Versius","or",169,169.928423378394,158.641155674342,182.864896367304
"Versius","or",170,169.930767188309,158.572427326798,182.912967279803
"Versius","or",171,169.923017313556,158.656681399148,182.873911110294
"Versius","or",172,169.905046177256,158.449130047807,182.689112800604
"Versius","or",173,169.876794665707,158.52712147576,182.690221842021
"Versius","or",174,169.838271453026,158.439546829564,182.699596115972
"Versius","or",175,169.789551923541,158.4863211537,182.480724145391
"Versius","or",176,169.730776706486,158.482612800222,182.43920988593
"Versius","or",177,169.66214984055,158.288369811854,182.368874857394
"Versius","or",178,169.583936588554,158.14538228606,182.219218007693
"Versius","or",179,169.496460924974,158.108695651615,182.055448339082
"Versius","or",180,169.40010272123,158.198614055445,181.931222296548
"Versius","or",181,169.295294655496,158.011728034726,181.780264838125
"Versius","or",182,169.182518875305,157.924431172243,181.702522228225
"Versius","or",183,169.062303442433,157.880417661683,181.586987038187
"Versius","or",184,168.935218590348,157.769977060036,181.423758272889
"Versius","or",185,168.801872825002,157.654698273743,181.236299995711
"Versius","or",186,168.662908899916,157.515243320707,181.178032887089
"Versius","or",187,168.518999696302,157.210842150519,180.85864237736
"Versius","or",188,168.370844038499,157.158576798024,180.6558727542
"Versius","or",189,168.219162474212,157.268786371199,180.604012854974
"Versius","or",190,168.064693048022,157.126489501275,180.414097127508
"Versius","or",191,167.90818709534,156.966210351816,180.171043564695
"Versius","or",192,167.750405082533,156.953494179285,179.799776724264
"Versius","or",193,167.592112517265,156.855258483286,179.510238856056
"Versius","or",194,167.434075951332,156.515636772376,179.175809608908
"Versius","or",195,167.277059096349,156.270971905872,178.887283892502
"Versius","or",196,167.121819070671,155.989202273109,178.756439381124
"Versius","or",197,166.969102793922,156.121914761981,178.496344838235
"Versius","or",198,166.819643543424,155.892803868329,178.319249615017
"Versius","or",199,166.674157684811,155.819970843688,178.335428136794
"Versius","or",200,166.533341587101,155.657682160831,178.109363993687
"Versius","or",201,166.397868730552,155.503653616153,177.945833103005
"Versius","or",202,166.268387013737,155.319868794974,177.865616312951
"Versius","or",203,166.145516264523,155.020732756582,177.770595152794
"Versius","or",204,166.029845957941,155.002448320177,177.52579439852
"Versius","or",205,165.921933142364,155.041982030307,177.388355615409
"Versius","or",206,165.822300573992,154.950491180631,177.373363696948
"Versius","or",207,165.731435058327,154.894458453803,177.259943760921
"Versius","or",208,165.649785996122,154.796863860242,177.194505300023
"Versius","or",209,165.577764130266,154.857884947381,177.168999874225
"Versius","or",210,165.515740489136,154.859206758948,177.04023511205
"Versius","or",211,165.464045521148,154.989708779446,177.010660021094
"Versius","or",212,165.422968414585,154.882153249013,176.915091918946
"Versius","or",213,165.392756596197,154.610622702598,176.991801979713
"Versius","or",214,165.373615401652,154.541123131163,177.17358952686
"Versius","or",215,165.365707910534,154.548032159387,177.254252528242
"Versius","or",216,165.369154938333,154.548348071141,177.171825572531
"Versius","or",217,165.38403517772,154.440999098252,177.21004242189
"Versius","or",218,165.410385481247,154.281894595669,177.306492907366
"Versius","or",219,165.448201277601,154.295854843193,177.439199936381
"Versius","or",220,165.497437113553,154.416312430465,177.365593158561
"Versius","or",221,165.558007313782,154.393671120105,177.428993040786
"Versius","or",222,165.629786750876,154.469589612439,177.484489380511
"Versius","or",223,165.712611717913,154.499929396845,177.4758739074
"Versius","or",224,165.806280896209,154.592944042589,177.676672470893
"Versius","or",225,165.910556410981,154.633469996519,177.579178122283
"Versius","or",226,166.02516496784,154.70563719882,177.689807241554
"Versius","or",227,166.149799063286,154.888381591675,177.772708773857
"Versius","or",228,166.284118262509,155.013821162478,177.984828436802
"Versius","or",229,166.427750538078,155.17739967551,178.147359629991
"Versius","or",230,166.580293663247,155.248281646902,178.349692595426
"Versius","or",231,166.741316653904,155.303539466479,178.464542206628
"Versius","or",232,166.910361253298,155.477181190348,178.503610473504
"Versius","or",233,167.086943453976,155.650640665305,178.73480886192
"Versius","or",234,167.270555051536,155.831445020728,178.809727738253
"Versius","or",235,167.460665225001,156.128885356289,178.882367561354
"Versius","or",236,167.656722138849,156.329385157401,178.98056195487
"Versius","or",237,167.858154561943,156.562918522905,179.222247544457
"Versius","or",238,168.064373498789,156.757994024252,179.463321809637
"Versius","or",239,168.274773828797,157.021441806917,179.727280332256
"Versius","or",240,168.488735949398,157.21555168379,179.976354842333
"Versius","or",241,168.705627419115,157.57707240877,180.301440268227
"Versius","or",242,168.924804596896,157.772945571992,180.633845331411
"Versius","or",243,169.145614274223,158.022999409132,180.908792602739
"Versius","or",244,169.367395296765,158.098079670975,181.256205482725
"Versius","or",245,169.589480172531,158.140732206053,181.563557491873
"Versius","or",246,169.811196663781,158.377609977905,181.771978515454
"Versius","or",247,170.031869360061,158.60071595775,181.875761327549
"Versius","or",248,170.2508212301,158.85414090941,181.983769678121
"Versius","or",249,170.467375150417,158.943000290802,182.313379570727
"Versius","or",250,170.680855408785,159.220116772395,182.41686892411
"Versius","or",251,170.890589180851,159.498403426928,182.403380128358
"Versius","or",252,171.095907978491,159.697934664137,182.624580270767
"Versius","or",253,171.296149068617,159.940633637428,182.849388549827
"Versius","or",254,171.490656861347,160.102858979843,183.029907405018
"Versius","or",255,171.678784266662,160.310994882021,183.281641513424
"Versius","or",256,171.859894018753,160.601446509937,183.525789406754
"Versius","or",257,172.033359967447,160.756507147424,183.76937794534
"Versius","or",258,172.1985683362,161.028344543047,184.061182072292
"Versius","or",259,172.354918946173,161.219115912558,184.426148087972
"Versius","or",260,172.501826406069,161.342002909374,184.58291095595
"Versius","or",261,172.638721267333,161.512348365279,184.99492237487
"Versius","or",262,172.765051144382,161.657479664742,185.191186567095
"Versius","or",263,172.880281799504,161.856355922651,185.415380744826
"Versius","or",264,172.983898191986,161.886889714459,185.390054162178
"Versius","or",265,173.075405490959,161.922341634459,185.486491867002
"Versius","or",266,173.154330051386,161.925205524379,185.631373728307
"Versius","or",267,173.220220352406,161.933493085234,185.711764029768
"Versius","or",268,173.27264789719,162.043521054762,185.541985697229
"Versius","or",269,173.31120807321,162.133887810405,185.52092055335
"Versius","or",270,173.335520971697,162.196170364103,185.442150016815
"Versius","or",271,173.345232164837,162.313225553323,185.493856386203
"Versius","or",272,173.340013439046,162.313234918475,185.554213176263
"Versius","or",273,173.319563482476,162.462745553045,185.554600951314
"Versius","or",274,173.283608524643,162.597882042094,185.550087567245
"Versius","or",275,173.231902925957,162.583874905055,185.487296453448
"Versius","or",276,173.164229714599,162.444927054698,185.496072975767
"Versius","or",277,173.080401068195,162.239015595134,185.44642901358
"Versius","or",278,172.98025873737,162.103449947575,185.303070599317
"Versius","or",279,172.863674408333,161.866284178659,185.185638959021
"Versius","or",280,172.730550001372,161.695852149736,184.853832447468
"Versius","or",281,172.580817902202,161.532962450643,184.652351025501
"Versius","or",282,172.414441122998,161.380151920342,184.359957694566
"Versius","or",283,172.231413389963,161.238649041031,184.3465161738
"Versius","or",284,172.031759154393,161.072697275427,184.400053468291
"Versius","or",285,171.815533524234,160.799627233073,184.128001147977
"Versius","or",286,171.582822113314,160.594784043203,183.800316783487
"Versius","or",287,171.333740805638,160.409306465926,183.58398020752
"Versius","or",288,171.068435432377,160.151230791319,183.437627528815
"Versius","or",289,170.787081359444,159.850374901554,183.092764590416
"Versius","or",290,170.489882983986,159.473884739168,182.940951207558
"Versius","or",291,170.177073138424,159.178760672461,182.65419599419
"Versius","or",292,169.848912401137,158.823174330523,182.416139980463
"Versius","or",293,169.50568831342,158.446701662035,182.081705272239
"Versius","or",294,169.147714502735,158.154697743764,181.739303237826
"Versius","or",295,168.775329712945,157.853582809564,181.356721462672
"Versius","or",296,168.388896742703,157.40202455126,180.916818738503
"Versius","or",297,167.988801293766,156.962982476448,180.581247113893
"Versius","or",298,167.575450731638,156.569528175089,180.206947317416
"Versius","or",299,167.149272761504,156.125264265012,179.696374715841
"Versius","or",300,166.710714023065,155.693964002566,179.182823924427
"Versius","or",301,166.26023860844,155.182981990414,178.746675666703
"Versius","or",302,165.798326507927,154.685697816107,178.158268390851
"Versius","or",303,165.325471988974,154.26411109773,177.686830545175
"Versius","or",304,164.842181914208,153.859050662037,177.142621041244
"Versius","or",305,164.348974004966,153.452031991785,176.456829683962
"Versius","or",306,163.846375057162,153.154352221387,175.811488022166
"Versius","or",307,163.334919116826,152.749557182474,175.039192681256
"Versius","or",308,162.81514562298,152.329534115573,174.467707976106
"Versius","or",309,162.28759752593,151.831008518616,173.877051010471
"Versius","or",310,161.752819389255,151.363090380784,173.16655163762
"Versius","or",311,161.211355484106,150.836627569709,172.534286761692
"Versius","or",312,160.663747884534,150.309168706599,171.846915981464
"Versius","or",313,160.110534572719,149.973243319972,171.256134785806
"Versius","or",314,159.552247563066,149.392376981132,170.656973510398
"Versius","or",315,158.989411054117,148.837108531797,170.266542950822
"Versius","or",316,158.422539617209,148.182514373625,169.773397555446
"Versius","or",317,157.852136430697,147.641338238992,169.213109885903
"Versius","or",318,157.278691568472,146.890570847569,168.707403810558
"Versius","or",319,156.702680351247,146.260968483216,168.169433938613
"Versius","or",320,156.124561768932,145.495391375508,167.71946505635
"Versius","or",321,155.544776982048,144.782570572895,167.334311554416
"Versius","or",322,154.963747909947,143.991119630708,167.038540986995
"Versius","or",323,154.381875913137,143.025763651508,166.821781916896
"Versius","or",324,153.799540576705,142.057943003295,166.416455174208
"Versius","or",325,153.217098601437,141.270476189954,166.206836617213
"Versius","or",326,152.634882808731,140.248971761062,166.204140458521
"Versius","or",327,152.05320126502,139.283973403453,166.370082780381
"Versius","or",328,151.472336530911,138.324932587847,166.042326316829
"Versius","or",329,150.892545039761,137.24535001265,166.24274502575
"Versius","or",330,150.314056609889,136.14518850099,166.279270115834
"Versius","or",331,149.737074094071,135.068577081139,166.478184189171
"Versius","or",332,149.161773169527,133.897336069582,166.498596986922
"Versius","or",333,148.588302270858,132.883654790783,166.586576946421
"Versius","or",334,148.016782668034,131.926962061765,166.552757869368
"Versius","or",335,147.447308690677,130.914252257684,166.645628848043
"Versius","or",336,146.879948099559,129.640373735364,166.863641785623
"Versius","or",337,146.314742605333,128.495992432476,167.041199686182
"Versius","psm_pt2",1,0.207853182571054,0.0918930948805992,0.486865749544702
"Versius","psm_pt2",2,0.206869919832218,0.0920124141877952,0.482171589329127
"Versius","psm_pt2",3,0.205889735123549,0.0921183498641232,0.477450543978301
"Versius","psm_pt2",4,0.204912639927481,0.092982708524517,0.472749150359462
"Versius","psm_pt2",5,0.203938648580765,0.0933476148315482,0.468725084671363
"Versius","psm_pt2",6,0.202967782706681,0.0934759935115717,0.465885238578337
"Versius","psm_pt2",7,0.202000072507685,0.093581490023489,0.461757189438283
"Versius","psm_pt2",8,0.201035556508277,0.0942785440267712,0.456531675270492
"Versius","psm_pt2",9,0.200074279877015,0.0948324874540282,0.452320350991793
"Versius","psm_pt2",10,0.199116289942372,0.0950598965113985,0.448730364487866
"Versius","psm_pt2",11,0.198161638895613,0.0959613563882414,0.44552427656063
"Versius","psm_pt2",12,0.197210379532155,0.0970798962616028,0.441085747615318
"Versius","psm_pt2",13,0.196262563843942,0.0972247885299754,0.436635860434688
"Versius","psm_pt2",14,0.195318243019372,0.0986791620891958,0.432057805876849
"Versius","psm_pt2",15,0.194377467443449,0.0993078247568959,0.427188116682777
"Versius","psm_pt2",16,0.193440286698166,0.100172593785401,0.423431403586792
"Versius","psm_pt2",17,0.192506750794951,0.100928028047394,0.419099898119128
"Versius","psm_pt2",18,0.191576913838317,0.101695032892061,0.414765293715756
"Versius","psm_pt2",19,0.190650831458558,0.102457752609383,0.412723742530143
"Versius","psm_pt2",20,0.189728564255232,0.103010165113877,0.408731604152264
"Versius","psm_pt2",21,0.188810178778165,0.103696875756573,0.404261517591981
"Versius","psm_pt2",22,0.187895747294389,0.104584321534433,0.399792465097388
"Versius","psm_pt2",23,0.186985346467672,0.105034523490577,0.397061892347815
"Versius","psm_pt2",24,0.186079053890528,0.104753100436066,0.392420801590063
"Versius","psm_pt2",25,0.18517695117833,0.105459586598358,0.388031155586536
"Versius","psm_pt2",26,0.184279124842398,0.106256200564773,0.383815922525962
"Versius","psm_pt2",27,0.18338566507357,0.105957588827946,0.380172963303955
"Versius","psm_pt2",28,0.182496662565356,0.105455379283908,0.374322349521673
"Versius","psm_pt2",29,0.181612211330651,0.10507973183139,0.369044491950248
"Versius","psm_pt2",30,0.180732409490251,0.106337289856953,0.364829022509975
"Versius","psm_pt2",31,0.179857359062396,0.106952754089239,0.361619117897238
"Versius","psm_pt2",32,0.17898716575533,0.106348766193718,0.359282824624856
"Versius","psm_pt2",33,0.178121937909086,0.105834372694906,0.356762383945072
"Versius","psm_pt2",34,0.177261783756186,0.106069267407323,0.353227595108994
"Versius","psm_pt2",35,0.176406813826502,0.106675209008771,0.350632598369104
"Versius","psm_pt2",36,0.175557141612274,0.106901427399481,0.347859570901957
"Versius","psm_pt2",37,0.174712882616524,0.107959494694442,0.345107414287036
"Versius","psm_pt2",38,0.173874151905438,0.107869358691472,0.341275917512702
"Versius","psm_pt2",39,0.173041066241618,0.108347926851225,0.337793955039855
"Versius","psm_pt2",40,0.172213744668813,0.109345276670824,0.335216692081939
"Versius","psm_pt2",41,0.171392308334897,0.109473395532761,0.332380988266877
"Versius","psm_pt2",42,0.170576879674642,0.109688973832766,0.329764735563141
"Versius","psm_pt2",43,0.169767579704982,0.110309659859461,0.326533868798976
"Versius","psm_pt2",44,0.168964527379045,0.10970489623886,0.324935570037936
"Versius","psm_pt2",45,0.168167840188233,0.109177235696278,0.323390265131965
"Versius","psm_pt2",46,0.16737763589968,0.10921335726611,0.320386137871234
"Versius","psm_pt2",47,0.166594030833584,0.109098091042889,0.318746481144501
"Versius","psm_pt2",48,0.165817139315582,0.109743809843503,0.317114268380798
"Versius","psm_pt2",49,0.165047073709259,0.109970787803194,0.316079489168346
"Versius","psm_pt2",50,0.164283944449823,0.110188761652722,0.313715368139087
"Versius","psm_pt2",51,0.163527860078963,0.110131271616849,0.31301037582473
"Versius","psm_pt2",52,0.16277892769677,0.110607659323648,0.313061718643323
"Versius","psm_pt2",53,0.162037254235493,0.11065116135006,0.311413071163057
"Versius","psm_pt2",54,0.161302945230654,0.110569880271262,0.309743658822047
"Versius","psm_pt2",55,0.160576104442211,0.110331907642198,0.308867070793161
"Versius","psm_pt2",56,0.159856833895574,0.110111457094617,0.307275273929024
"Versius","psm_pt2",57,0.159145233923715,0.109250227046752,0.307051863698132
"Versius","psm_pt2",58,0.158441403210333,0.108730251746447,0.3057397808141
"Versius","psm_pt2",59,0.15774543883408,0.107657292238196,0.305400656029919
"Versius","psm_pt2",60,0.157057436313803,0.106952895516515,0.303598699286058
"Versius","psm_pt2",61,0.156377489654805,0.106834735564068,0.301222839356025
"Versius","psm_pt2",62,0.155705691396087,0.106486088354046,0.299762474246664
"Versius","psm_pt2",63,0.155042132833186,0.105553792382581,0.298943317121685
"Versius","psm_pt2",64,0.154386904586772,0.105281126381879,0.298070850246672
"Versius","psm_pt2",65,0.153740096253434,0.10529566755937,0.297200493745136
"Versius","psm_pt2",66,0.153101796674308,0.104420455569326,0.296303659664575
"Versius","psm_pt2",67,0.152472093585467,0.104393972349799,0.292911338367915
"Versius","psm_pt2",68,0.151851073538459,0.102927732649196,0.291854360132377
"Versius","psm_pt2",69,0.151238822003134,0.102767942725893,0.291374338271367
"Versius","psm_pt2",70,0.150635423594938,0.102409251163676,0.289876573366481
"Versius","psm_pt2",71,0.1500409620666,0.101923374025533,0.289942321200205
"Versius","psm_pt2",72,0.149455520218828,0.101789791757492,0.290223579443671
"Versius","psm_pt2",73,0.14887917985848,0.101648336644391,0.289706536366475
"Versius","psm_pt2",74,0.148312021744793,0.101278642036796,0.289390116443247
"Versius","psm_pt2",75,0.147754125604371,0.101144531830154,0.289055068648281
"Versius","psm_pt2",76,0.147205570293804,0.100542429248302,0.287539868373059
"Versius","psm_pt2",77,0.146666433524616,0.099980070915896,0.286224837651946
"Versius","psm_pt2",78,0.146136791872122,0.0991536010172681,0.285189295960046
"Versius","psm_pt2",79,0.14561672112197,0.0981692550963565,0.285093947332732
"Versius","psm_pt2",80,0.145106295824138,0.0975010184810383,0.284309720655654
"Versius","psm_pt2",81,0.144605589307969,0.0963458089202859,0.284127940816561
"Versius","psm_pt2",82,0.144114674416643,0.0961465824691148,0.283937188531374
"Versius","psm_pt2",83,0.143633623742837,0.0958945779958416,0.282320029520781
"Versius","psm_pt2",84,0.143162509447552,0.0959109927925786,0.284160520060468
"Versius","psm_pt2",85,0.14270140232849,0.0958085952963422,0.283947352209581
"Versius","psm_pt2",86,0.142250371844499,0.0954997659424599,0.283935374936138
"Versius","psm_pt2",87,0.141809487230229,0.0948734876130413,0.283509717633298
"Versius","psm_pt2",88,0.141378817509394,0.0939824066426451,0.283241027803164
"Versius","psm_pt2",89,0.140958430276592,0.0939506430884322,0.28384874485131
"Versius","psm_pt2",90,0.140548391374272,0.0937320618828719,0.283395609157642
"Versius","psm_pt2",91,0.140148764872949,0.0932150158294069,0.283958424855305
"Versius","psm_pt2",92,0.139759613052656,0.0926663829488325,0.284535508984719
"Versius","psm_pt2",93,0.139380996789876,0.0925915026155612,0.284864144301829
"Versius","psm_pt2",94,0.1390129771686,0.0919062153649583,0.285408965011759
"Versius","psm_pt2",95,0.138655615496758,0.0918923016447567,0.28490207362706
"Versius","psm_pt2",96,0.138308972065996,0.0919558325310279,0.284678569480965
"Versius","psm_pt2",97,0.137973107071343,0.0914860267691101,0.284094020420708
"Versius","psm_pt2",98,0.137648079713537,0.0909522944591065,0.284524733177472
"Versius","psm_pt2",99,0.137333949684324,0.0903606969883505,0.284251213875073
"Versius","psm_pt2",100,0.137030777186109,0.0897770181092325,0.283538889162228
"Versius","psm_pt2",101,0.136738621455778,0.0892057192290501,0.283233188151068
"Versius","psm_pt2",102,0.136457541843574,0.0887338092684503,0.283574575210444
"Versius","psm_pt2",103,0.136187596764587,0.0880890691966769,0.283680075412273
"Versius","psm_pt2",104,0.135928844837185,0.087760659990057,0.283595575388479
"Versius","psm_pt2",105,0.135681343188383,0.0875760047580996,0.282064955318622
"Versius","psm_pt2",106,0.135445146890463,0.0872624644261344,0.282416580648792
"Versius","psm_pt2",107,0.135220308959187,0.087197367576317,0.282108315199045
"Versius","psm_pt2",108,0.135006880351413,0.0866520810220856,0.282204815913475
"Versius","psm_pt2",109,0.134804909962017,0.0859394664691681,0.282251245558181
"Versius","psm_pt2",110,0.134614445274415,0.0854882721211921,0.28236963688671
"Versius","psm_pt2",111,0.13443553431354,0.0853553228293901,0.283339093335178
"Versius","psm_pt2",112,0.134268224347034,0.0851454551169276,0.283740976996944
"Versius","psm_pt2",113,0.134112563256402,0.0848114941766342,0.283421814972612
"Versius","psm_pt2",114,0.133968597487393,0.0845157614401198,0.282720899944415
"Versius","psm_pt2",115,0.13383637136555,0.0842086408588894,0.282810614153797
"Versius","psm_pt2",116,0.133715927090559,0.0839275282005513,0.282977111189157
"Versius","psm_pt2",117,0.133607305463621,0.0836724040305208,0.283530877895407
"Versius","psm_pt2",118,0.133510548823747,0.0834567547978688,0.284071052942012
"Versius","psm_pt2",119,0.133425701060307,0.0832577852636852,0.284325048830662
"Versius","psm_pt2",120,0.133352804629999,0.0834529000130478,0.284393720495036
"Versius","psm_pt2",121,0.133291899803196,0.083261983328028,0.284289879322221
"Versius","psm_pt2",122,0.133243025436406,0.0833441369104893,0.284430557972726
"Versius","psm_pt2",123,0.133206222096969,0.0832734728892462,0.284494155784687
"Versius","psm_pt2",124,0.133181532072798,0.0832413204452867,0.284415101400924
"Versius","psm_pt2",125,0.133168997010763,0.0832346667325713,0.285291739908816
"Versius","psm_pt2",126,0.1331686603492,0.0835605016205535,0.286011255321862
"Versius","psm_pt2",127,0.133180567328459,0.0839122267624079,0.286145664060882
"Versius","psm_pt2",128,0.133204761729806,0.0840617657474678,0.286524641543011
"Versius","psm_pt2",129,0.133241285049359,0.0837439900210305,0.286573225686921
"Versius","psm_pt2",130,0.133290177325163,0.0841472212091568,0.286617971766869
"Versius","psm_pt2",131,0.133351479646078,0.0839368282321908,0.286632983532678
"Versius","psm_pt2",132,0.133425231615968,0.0836746992872611,0.285950058578231
"Versius","psm_pt2",133,0.133511470495538,0.0836233179165606,0.28668010055769
"Versius","psm_pt2",134,0.133610232043498,0.0839889667103525,0.286404088426064
"Versius","psm_pt2",135,0.133721553082304,0.0842189800569927,0.286174166133583
"Versius","psm_pt2",136,0.133845468898189,0.0845478910998612,0.286278060624634
"Versius","psm_pt2",137,0.133982013229058,0.0849019906026192,0.28629404570638
"Versius","psm_pt2",138,0.134131220861342,0.0851980711074714,0.286827616750983
"Versius","psm_pt2",139,0.134293124995089,0.0856742906739718,0.288691244939863
"Versius","psm_pt2",140,0.134467756344401,0.0855425245254624,0.288779453978802
"Versius","psm_pt2",141,0.134655143988266,0.0860337369692593,0.289226229139679
"Versius","psm_pt2",142,0.134855318873573,0.0861372582584405,0.290655696382311
"Versius","psm_pt2",143,0.135068313807331,0.0865247176649697,0.291703456009694
"Versius","psm_pt2",144,0.135294159909374,0.0870006124109464,0.29186670942353
"Versius","psm_pt2",145,0.135532886581865,0.0870696333322877,0.291993282267303
"Versius","psm_pt2",146,0.135784524136229,0.0871246279782671,0.292098017531142
"Versius","psm_pt2",147,0.136049101120864,0.087141381831483,0.292064316435592
"Versius","psm_pt2",148,0.136326643401659,0.0871690663604641,0.292001073565404
"Versius","psm_pt2",149,0.136617174122045,0.0870854264135166,0.291992137900023
"Versius","psm_pt2",150,0.136920714538338,0.0870600011996601,0.292853571133364
"Versius","psm_pt2",151,0.137237286620783,0.0871008060361448,0.293467033992825
"Versius","psm_pt2",152,0.137566911268999,0.0871729466611201,0.293252909055624
"Versius","psm_pt2",153,0.13790961088947,0.0872834914629337,0.293539699644844
"Versius","psm_pt2",154,0.138265410240687,0.0874612585385547,0.294884950208041
"Versius","psm_pt2",155,0.138634335546471,0.0875473391270826,0.295576427865523
"Versius","psm_pt2",156,0.139016411874895,0.0877654971867169,0.295824419288912
"Versius","psm_pt2",157,0.139411664814599,0.0879453415049511,0.296150373982788
"Versius","psm_pt2",158,0.139820118736919,0.0881438797401134,0.296660706472995
"Versius","psm_pt2",159,0.140241798448639,0.0883769499568074,0.296928284424886
"Versius","psm_pt2",160,0.140676726645437,0.0886424045257422,0.297167382669454
"Versius","psm_pt2",161,0.141124923852749,0.0889318344033637,0.297375037057444
"Versius","psm_pt2",162,0.141586410868367,0.0892452888793974,0.297751230775348
"Versius","psm_pt2",163,0.142061206277618,0.0895828154240428,0.298418460501413
"Versius","psm_pt2",164,0.142549326389473,0.0899624784966729,0.298111150179536
"Versius","psm_pt2",165,0.143050788394967,0.0908087752260581,0.298333646015323
"Versius","psm_pt2",166,0.143565610343387,0.0913944623651028,0.29949256342734
"Versius","psm_pt2",167,0.144093807968155,0.0916794992987106,0.300597019322029
"Versius","psm_pt2",168,0.144635394620045,0.0924256119205174,0.30069875443872
"Versius","psm_pt2",169,0.145190383521111,0.0930793722701321,0.301371474633705
"Versius","psm_pt2",170,0.145758785478185,0.0938755546244174,0.303253737843973
"Versius","psm_pt2",171,0.146340608089069,0.0942659764335034,0.303640591701586
"Versius","psm_pt2",172,0.146935855703363,0.0948949355147302,0.303439347330365
"Versius","psm_pt2",173,0.147544529383302,0.0957668835645635,0.303659245284608
"Versius","psm_pt2",174,0.148166627550136,0.0966620956738139,0.304457570979658
"Versius","psm_pt2",175,0.148802148019412,0.0968803907106213,0.305651627744861
"Versius","psm_pt2",176,0.149451085939107,0.0972247081186948,0.306275288565628
"Versius","psm_pt2",177,0.150113433073684,0.0971278129812956,0.308396993865032
"Versius","psm_pt2",178,0.150789178396732,0.0977302565493803,0.308946842428553
"Versius","psm_pt2",179,0.151478309955319,0.0986523911698903,0.30976077390864
"Versius","psm_pt2",180,0.152180812989313,0.0995626500356194,0.310483215109139
"Versius","psm_pt2",181,0.152896669858495,0.100574780536314,0.310785663406075
"Versius","psm_pt2",182,0.153625862326585,0.101212138790751,0.311049795568513
"Versius","psm_pt2",183,0.154368372073805,0.101561701440075,0.312314257272865
"Versius","psm_pt2",184,0.155124180619169,0.101959175262289,0.312364456425289
"Versius","psm_pt2",185,0.155893269242999,0.102354184989364,0.312175614310645
"Versius","psm_pt2",186,0.156675618909648,0.103087301619705,0.312372331879481
"Versius","psm_pt2",187,0.157471209722326,0.104495745860915,0.313008489534135
"Versius","psm_pt2",188,0.158280019427614,0.104831294175379,0.313367852950194
"Versius","psm_pt2",189,0.159102024717657,0.105520882745436,0.31369572146674
"Versius","psm_pt2",190,0.159937201209505,0.106569296626969,0.314126487303903
"Versius","psm_pt2",191,0.160785522132197,0.107525712502202,0.314594280410377
"Versius","psm_pt2",192,0.161646959084357,0.108216566990157,0.316142743204513
"Versius","psm_pt2",193,0.162521480909975,0.108552658550012,0.31765270622752
"Versius","psm_pt2",194,0.163409053654396,0.109802786185887,0.317670411475557
"Versius","psm_pt2",195,0.164309641560574,0.111089979016843,0.317878523736057
"Versius","psm_pt2",196,0.165223206149061,0.112151122230217,0.318498728311069
"Versius","psm_pt2",197,0.166149706182258,0.113118905891728,0.318243074734474
"Versius","psm_pt2",198,0.16708909846545,0.113563351154164,0.319360814911341
"Versius","psm_pt2",199,0.168041337141507,0.11471891390114,0.320757781032489
"Versius","psm_pt2",200,0.169006373483335,0.116330133543662,0.322135505509333
"Versius","psm_pt2",201,0.169984155941468,0.117221107099249,0.323951031316859
"Versius","psm_pt2",202,0.170974630196162,0.1178156271237,0.324873742359573
"Versius","psm_pt2",203,0.171977739214078,0.118925070168857,0.325198832776537
"Versius","psm_pt2",204,0.172993423309673,0.119588566182425,0.326215354522282
"Versius","psm_pt2",205,0.174021620211384,0.121320916898522,0.326816696887641
"Versius","psm_pt2",206,0.175062265163035,0.12258894919475,0.327724041743329
"Versius","psm_pt2",207,0.176115291091902,0.123389560918117,0.328655001756138
"Versius","psm_pt2",208,0.177180628578647,0.124658626121725,0.329486315987264
"Versius","psm_pt2",209,0.178258205846883,0.126302761944504,0.331165795474067
"Versius","psm_pt2",210,0.179347948918809,0.127239138551682,0.331955204396823
"Versius","psm_pt2",211,0.180449781733275,0.128102364158128,0.332435460704619
"Versius","psm_pt2",212,0.181563626118694,0.128887570126391,0.334022959094512
"Versius","psm_pt2",213,0.182689401353786,0.129491790717368,0.33541316315017
"Versius","psm_pt2",214,0.18382702418493,0.130397969394216,0.336851224693529
"Versius","psm_pt2",215,0.184976409527714,0.131290743382736,0.337268949603757
"Versius","psm_pt2",216,0.186137470742907,0.131980356912945,0.338701229037294
"Versius","psm_pt2",217,0.187310119498569,0.133055417584947,0.33906600661187
"Versius","psm_pt2",218,0.188494264806466,0.134040556728955,0.341005484481586
"Versius","psm_pt2",219,0.189689812730575,0.134353573720272,0.34246674359554
"Versius","psm_pt2",220,0.190896666679355,0.135161138842742,0.343636713173587
"Versius","psm_pt2",221,0.192114728779953,0.136287964516235,0.344831058822489
"Versius","psm_pt2",222,0.193343900345278,0.1382078387467,0.345979114447234
"Versius","psm_pt2",223,0.194584082029027,0.139129414938935,0.34742059243718
"Versius","psm_pt2",224,0.195835173529145,0.139910666953961,0.350300281599977
"Versius","psm_pt2",225,0.197097072367489,0.140910745439483,0.352826179500589
"Versius","psm_pt2",226,0.198369675398396,0.14164782747394,0.353922701028646
"Versius","psm_pt2",227,0.199652878895832,0.142275764081563,0.355523400378654
"Versius","psm_pt2",228,0.200946577099676,0.142820512652415,0.357103190667988
"Versius","psm_pt2",229,0.202250663973564,0.144040701629369,0.358520856888984
"Versius","psm_pt2",230,0.203565033920184,0.144905209282528,0.359937143160706
"Versius","psm_pt2",231,0.204889581967646,0.145832112729463,0.361056902598354
"Versius","psm_pt2",232,0.206224203290969,0.146638635389453,0.362398722575305
"Versius","psm_pt2",233,0.207568791377418,0.147203479963643,0.364107961350877
"Versius","psm_pt2",234,0.208923240185647,0.148263186625696,0.366043739322364
"Versius","psm_pt2",235,0.210287444261993,0.149499546792696,0.368523606198378
"Versius","psm_pt2",236,0.21166129591628,0.15093849399128,0.370001298243245
"Versius","psm_pt2",237,0.213044684487486,0.15244375989211,0.372835188288786
"Versius","psm_pt2",238,0.214437496323598,0.153345890629989,0.37543021402002
"Versius","psm_pt2",239,0.2158396147631,0.154311487995517,0.377973521095002
"Versius","psm_pt2",240,0.21725092011814,0.15561122680629,0.379231522004724
"Versius","psm_pt2",241,0.218671290543963,0.156662891333895,0.381123819846873
"Versius","psm_pt2",242,0.220100604708675,0.158196356786839,0.383075497168971
"Versius","psm_pt2",243,0.221538739179261,0.158714101116422,0.38396344024557
"Versius","psm_pt2",244,0.222985567534279,0.159362334794288,0.386813101470258
"Versius","psm_pt2",245,0.224440961324799,0.160602991287991,0.388316882002444
"Versius","psm_pt2",246,0.225904793996522,0.161872896085837,0.390706308653642
"Versius","psm_pt2",247,0.227376941031637,0.162730853472221,0.39253644528784
"Versius","psm_pt2",248,0.228857277099433,0.164172873290539,0.394690670585644
"Versius","psm_pt2",249,0.230345679231736,0.165072448845726,0.396835746852112
"Versius","psm_pt2",250,0.231842028029211,0.165670262340791,0.399362800323284
"Versius","psm_pt2",251,0.233346207865719,0.166534514482788,0.401440976781516
"Versius","psm_pt2",252,0.234858105995816,0.167418281696054,0.40191887445658
"Versius","psm_pt2",253,0.236377609435984,0.168089910033674,0.403109551586031
"Versius","psm_pt2",254,0.23790460838594,0.168953911594542,0.404518988351484
"Versius","psm_pt2",255,0.239438996371208,0.169852850263661,0.406010889135868
"Versius","psm_pt2",256,0.240980665834211,0.170723370274142,0.407350009043343
"Versius","psm_pt2",257,0.242529507023781,0.171287270478005,0.408904683036821
"Versius","psm_pt2",258,0.244085408001349,0.172551969860292,0.410954699937416
"Versius","psm_pt2",259,0.245648255832872,0.173704829362111,0.413788515667526
"Versius","psm_pt2",260,0.247217940186628,0.175255536134931,0.415124399902949
"Versius","psm_pt2",261,0.248794351053219,0.176996609704022,0.416609756293295
"Versius","psm_pt2",262,0.250377381223593,0.178356296997511,0.418772666535734
"Versius","psm_pt2",263,0.251966922752418,0.180450980126811,0.421423917472475
"Versius","psm_pt2",264,0.253562865774498,0.182373180430624,0.423309389245008
"Versius","psm_pt2",265,0.255165098516109,0.183453288759386,0.42576896016537
"Versius","psm_pt2",266,0.256773508539924,0.184535776035162,0.427757049216614
"Versius","psm_pt2",267,0.25838798649116,0.185954979325429,0.429448984241059
"Versius","psm_pt2",268,0.260008423712075,0.186771584042614,0.431836712488864
"Versius","psm_pt2",269,0.261634714779914,0.188111305463868,0.43383300388497
"Versius","psm_pt2",270,0.263266753867551,0.189929418578667,0.435593233409862
"Versius","psm_pt2",271,0.264904433528223,0.190809371527426,0.438997930837692
"Versius","psm_pt2",272,0.266547644710173,0.191520293994713,0.440888423240301
"Versius","psm_pt2",273,0.268196278005058,0.192766372454682,0.44242025593105
"Versius","psm_pt2",274,0.26985022739607,0.194517474779274,0.442848860981867
"Versius","psm_pt2",275,0.27150938663252,0.195558603216415,0.444319821917467
"Versius","psm_pt2",276,0.273173649238437,0.197055415351552,0.446560104913755
"Versius","psm_pt2",277,0.274842912212841,0.197949066826284,0.449338805133619
"Versius","psm_pt2",278,0.276517073650862,0.199138870113951,0.452096995204712
"Versius","psm_pt2",279,0.27819603518528,0.200689336204155,0.455636726119559
"Versius","psm_pt2",280,0.279879698452129,0.20186852500319,0.457551308099843
"Versius","psm_pt2",281,0.281567965081668,0.203486367982593,0.460105882837616
"Versius","psm_pt2",282,0.283260741405567,0.204575061831111,0.462676516739535
"Versius","psm_pt2",283,0.284957939653488,0.205985889262669,0.465290547235226
"Versius","psm_pt2",284,0.286659477966255,0.206443893031319,0.467327057867392
"Versius","psm_pt2",285,0.288365280398823,0.207264357775672,0.469511830081359
"Versius","psm_pt2",286,0.290075275821707,0.207916705198465,0.472085239247196
"Versius","psm_pt2",287,0.291789393531954,0.209121909655885,0.474505313237747
"Versius","psm_pt2",288,0.293507562161282,0.210089386196185,0.476574327304909
"Versius","psm_pt2",289,0.295229710717138,0.210627808443536,0.479596361489325
"Versius","psm_pt2",290,0.296955771707871,0.211624449057815,0.48222186639478
"Versius","psm_pt2",291,0.298685679086893,0.212737986728411,0.485254892607615
"Versius","psm_pt2",292,0.300419370210963,0.214421772175308,0.487683413087413
"Versius","psm_pt2",293,0.302156783868873,0.216371438091721,0.488648055801693
"Versius","psm_pt2",294,0.303897863033533,0.216965963408722,0.491762427782428
"Versius","psm_pt2",295,0.305642554842182,0.217305683351328,0.493640987459077
"Versius","psm_pt2",296,0.307390807841975,0.218097418436153,0.495375816136817
"Versius","psm_pt2",297,0.309142574466872,0.218752936262372,0.498010292990327
"Versius","psm_pt2",298,0.31089781178004,0.219729187836106,0.499964254759125
"Versius","psm_pt2",299,0.312656481333975,0.219604727175061,0.502215580459369
"Versius","psm_pt2",300,0.314418549019643,0.219728117179533,0.503873294390817
"Versius","psm_pt2",301,0.316183984904639,0.220182253763584,0.507137325583207
"Versius","psm_pt2",302,0.317952762419428,0.220674912770558,0.512076133645306
"Versius","psm_pt2",303,0.319724855635617,0.220275581153306,0.51551234148629
"Versius","psm_pt2",304,0.321500239153744,0.220691776158193,0.518898222365338
"Versius","psm_pt2",305,0.32327889032526,0.221134928036481,0.522211780223053
"Versius","psm_pt2",306,0.325060789157711,0.222163231338938,0.526520055000198
"Versius","psm_pt2",307,0.326845916201688,0.222050537516782,0.529832306911014
"Versius","psm_pt2",308,0.328634252421877,0.222719105436545,0.532333532901151
"Versius","psm_pt2",309,0.3304257807307,0.222939171365267,0.535740038658905
"Versius","psm_pt2",310,0.332220485868073,0.22267896907364,0.537665986318095
"Versius","psm_pt2",311,0.334018353226155,0.222932523324617,0.54110476886468
"Versius","psm_pt2",312,0.335819369472384,0.223920519814301,0.543888193124545
"Versius","psm_pt2",313,0.337623522566819,0.224870424868391,0.545829716908062
"Versius","psm_pt2",314,0.339430801363699,0.22538375998333,0.548354359041579
"Versius","psm_pt2",315,0.341241194937288,0.225536192913717,0.55117646599105
"Versius","psm_pt2",316,0.343054692421782,0.225823607873466,0.556420258889827
"Versius","psm_pt2",317,0.344871283008065,0.22667316697628,0.5607158387278
"Versius","psm_pt2",318,0.346690955936338,0.225914497525328,0.564421082946254
"Versius","psm_pt2",319,0.348513700490015,0.225000928416945,0.568654025675676
"Versius","psm_pt2",320,0.350339505768751,0.2241185342223,0.571203931480673
"Versius","psm_pt2",321,0.352168359735608,0.223201727549318,0.573102041497769
"Versius","psm_pt2",322,0.35400024868874,0.222308079984019,0.576750212986863
"Versius","psm_pt2",323,0.355835157287518,0.22166545153865,0.58189372032603
"Versius","psm_pt2",324,0.357673069833825,0.222083939235941,0.585398342282923
"Versius","psm_pt2",325,0.359513970083091,0.221082051570849,0.589692514965822
"Versius","psm_pt2",326,0.361357839081898,0.220581365179982,0.594857280320015
"Versius","psm_pt2",327,0.363204654305415,0.219816114887027,0.598243060029664
"Versius","psm_pt2",328,0.365054389246024,0.219078657729177,0.602162218974113
"Versius","psm_pt2",329,0.366907013774897,0.218343121858176,0.606381169017572
"Versius","psm_pt2",330,0.368762496913075,0.217968178340873,0.610991054302478
"Versius","psm_pt2",331,0.37062080754239,0.218108269788074,0.614444867340243
"Versius","psm_pt2",332,0.37248191440484,0.217340084526194,0.61845832567291
"Versius","psm_pt2",333,0.374345785049245,0.216489455510811,0.621900563788732
"Versius","psm_pt2",334,0.376212381536885,0.215500371785305,0.62706766703002
"Versius","psm_pt2",335,0.378081660195575,0.214524055144918,0.631837382561939
"Versius","psm_pt2",336,0.379953576018416,0.213967449553659,0.635904718052013
"Versius","psm_pt2",337,0.381828082446439,0.21312354670604,0.638807618331537
"dVrestart","or",1,158.623476074036,140.052463570989,182.320477638612
"dVrestart","or",2,158.045269697535,140.218805471272,180.685519301849
"dVrestart","or",3,157.469332620737,140.435947149055,179.003393931348
"dVrestart","or",4,156.895906312695,140.383470002194,177.277392409264
"dVrestart","or",5,156.325341720856,140.372330759504,175.493260720882
"dVrestart","or",6,155.758088977267,140.555657937733,173.772988632351
"dVrestart","or",7,155.194687408273,140.690800562397,172.118846382454
"dVrestart","or",8,154.635755856749,140.603273659684,170.669711901644
"dVrestart","or",9,154.081983327219,140.796951898143,169.2633817841
"dVrestart","or",10,153.534119964725,140.848059175681,167.897532362618
"dVrestart","or",11,152.992968378303,141.037636198807,166.597328229564
"dVrestart","or",12,152.459375319338,140.997731173715,165.175498991353
"dVrestart","or",13,151.93422372405,141.024028929625,163.938007103874
"dVrestart","or",14,151.418425127985,141.086508540255,163.086136639065
"dVrestart","or",15,150.912912458762,140.91291401278,162.030182036527
"dVrestart","or",16,150.418633211449,140.576546631825,161.208176417239
"dVrestart","or",17,149.936543008958,140.375132637438,160.398565024104
"dVrestart","or",18,149.467599547794,140.088717498638,159.79145600813
"dVrestart","or",19,149.012756927392,139.793572911265,158.863679682262
"dVrestart","or",20,148.572960359233,139.561838128215,158.298902626648
"dVrestart","or",21,148.149141249952,139.18404215326,157.757863607393
"dVrestart","or",22,147.742212650767,138.771062884852,157.218243620932
"dVrestart","or",23,147.353065063832,138.382743052467,156.899095838364
"dVrestart","or",24,146.982562594581,137.951789389461,156.520871236637
"dVrestart","or",25,146.631539437718,137.596244902717,156.261226270442
"dVrestart","or",26,146.300796683362,137.224791866808,156.119470679863
"dVrestart","or",27,145.991099428884,136.914101484166,155.987754073746
"dVrestart","or",28,145.703174181223,136.438801534893,155.876598947664
"dVrestart","or",29,145.43770653394,135.989868472906,155.72515518522
"dVrestart","or",30,145.195339102958,135.638573349974,155.612195721568
"dVrestart","or",31,144.976669704807,135.221510585544,155.558021784308
"dVrestart","or",32,144.782249761274,134.813398026387,155.384705319656
"dVrestart","or",33,144.612582914676,134.625150911746,155.347960913967
"dVrestart","or",34,144.468123838341,134.293254027291,155.370203613325
"dVrestart","or",35,144.34927722755,133.991216782993,155.430148765366
"dVrestart","or",36,144.256396956897,133.693227431856,155.439688393905
"dVrestart","or",37,144.189785390897,133.437253127986,155.452163345557
"dVrestart","or",38,144.149692835658,133.368648265434,155.630946535629
"dVrestart","or",39,144.136317120457,133.265377125762,155.62853692392
"dVrestart","or",40,144.149803299231,133.210528289572,155.616750479305
"dVrestart","or",41,144.190243463149,133.05817493544,155.699382642499
"dVrestart","or",42,144.257676656644,132.979375881807,155.93908703476
"dVrestart","or",43,144.352088890512,133.091620368919,155.891752662235
"dVrestart","or",44,144.473413246943,133.248685242785,155.990136811047
"dVrestart","or",45,144.621530072506,133.42613556687,156.132727649787
"dVrestart","or",46,144.796267256345,133.639100995976,156.263790161462
"dVrestart","or",47,144.997400591916,133.846409428394,156.408023744414
"dVrestart","or",48,145.224654221704,134.131740214632,156.637253356086
"dVrestart","or",49,145.477701165343,134.496509912268,156.733176395075
"dVrestart","or",50,145.756163932419,134.881315061197,156.900337634888
"dVrestart","or",51,146.059615222122,135.284262637041,156.968824023019
"dVrestart","or",52,146.38757871251,135.706693091993,157.116018989341
"dVrestart","or",53,146.739529942819,136.215564512183,157.341495861578
"dVrestart","or",54,147.114897292616,136.614771330821,157.686042847
"dVrestart","or",55,147.513063061965,137.10213005024,157.920923472805
"dVrestart","or",56,147.933364656935,137.603514922163,158.057488577342
"dVrestart","or",57,148.375095884814,138.157816462232,158.479800608598
"dVrestart","or",58,148.837508363274,138.781440118738,158.708468739686
"dVrestart","or",59,149.319813047533,139.496763320731,158.981405051631
"dVrestart","or",60,149.821181879058,140.253164263171,159.260620895451
"dVrestart","or",61,150.340749558977,141.101101390434,159.658150357133
"dVrestart","or",62,150.877615448519,141.734280706542,160.09297998864
"dVrestart","or",63,151.430845598141,142.39299162006,160.58443839417
"dVrestart","or",64,151.999474906012,143.234371986179,160.822806193275
"dVrestart","or",65,152.58250940551,143.975476004535,161.23206872364
"dVrestart","or",66,153.178928680241,144.738393753514,161.718805362088
"dVrestart","or",67,153.787688403904,145.444612858527,162.25838035142
"dVrestart","or",68,154.407723000993,146.208191417978,162.90392895818
"dVrestart","or",69,155.037948423026,146.836157534405,163.485715202322
"dVrestart","or",70,155.677265033591,147.716119085739,164.147627811081
"dVrestart","or",71,156.324560594077,148.421630912965,164.722527802208
"dVrestart","or",72,156.978713340635,149.087196685309,165.361327897846
"dVrestart","or",73,157.638595141452,149.676709150911,165.886334199023
"dVrestart","or",74,158.30307472215,150.335960504798,166.5435774462
"dVrestart","or",75,158.971020945839,150.913482847354,167.136061125609
"dVrestart","or",76,159.641306133164,151.509160636586,167.783186620944
"dVrestart","or",77,160.312809406616,152.088270059754,168.507700832254
"dVrestart","or",78,160.984420042405,152.626706544187,169.227213497644
"dVrestart","or",79,161.655040812405,153.281192246421,170.130510583475
"dVrestart","or",80,162.323591297981,153.966170854024,170.97030054527
"dVrestart","or",81,162.989011157061,154.530720179974,171.657664972593
"dVrestart","or",82,163.650263325458,155.136253494808,172.278688742153
"dVrestart","or",83,164.306337133382,155.726176869481,173.217991689451
"dVrestart","or",84,164.956251318104,156.305992699698,174.023771494795
"dVrestart","or",85,165.599056914065,156.873051753086,174.852395613803
"dVrestart","or",86,166.233840002161,157.431230466232,175.679507020822
"dVrestart","or",87,166.859724300653,157.846570579825,176.410324308953
"dVrestart","or",88,167.475873580996,158.328695198772,177.109508361324
"dVrestart","or",89,168.081493892969,158.846966871182,177.755963556425
"dVrestart","or",90,168.675835584704,159.40998387601,178.489588399224
"dVrestart","or",91,169.258195104635,159.835931466551,179.204770323965
"dVrestart","or",92,169.827916573897,160.20740958631,179.88066868516
"dVrestart","or",93,170.38439311945,160.882582192534,180.469395809728
"dVrestart","or",94,170.92706795989,161.291508050445,181.172363914947
"dVrestart","or",95,171.45543523786,161.831294728641,181.773809331483
"dVrestart","or",96,171.969040594879,162.262727926219,182.429252496148
"dVrestart","or",97,172.467481486361,162.766323395982,182.881895513503
"dVrestart","or",98,172.950407236622,163.151001502629,183.578393917055
"dVrestart","or",99,173.417518835638,163.568851486772,183.974547044437
"dVrestart","or",100,173.868568481289,163.991076179531,184.547431307856
"dVrestart","or",101,174.303358872697,164.544361398457,184.832426621304
"dVrestart","or",102,174.721742262146,164.993925082657,185.285304725471
"dVrestart","or",103,175.12361927477,165.34766875468,185.700503149811
"dVrestart","or",104,175.508937506841,165.686745933976,186.077506521674
"dVrestart","or",105,175.877689915001,166.020406393721,186.417925174165
"dVrestart","or",106,176.229913010126,166.382807663941,186.766974162466
"dVrestart","or",107,176.565684870736,166.795984331125,187.148481876275
"dVrestart","or",108,176.885122991931,167.153488129953,187.466246009301
"dVrestart","or",109,177.188381986682,167.434924393705,187.686511163589
"dVrestart","or",110,177.475651157077,167.709936119064,187.903830713732
"dVrestart","or",111,177.747151953618,167.998353642886,188.125433277507
"dVrestart","or",112,178.003135341079,168.293707977229,188.325761531879
"dVrestart","or",113,178.243879089623,168.610203255446,188.497423196942
"dVrestart","or",114,178.469685009938,168.898033785659,188.762909662602
"dVrestart","or",115,178.680876151024,169.206295807893,188.900241967605
"dVrestart","or",116,178.877793979028,169.42030980405,189.038812040749
"dVrestart","or",117,179.060795555114,169.749373826922,189.113563224054
"dVrestart","or",118,179.230250729848,169.966710039001,189.177825660706
"dVrestart","or",119,179.386539370924,170.170906874896,189.360003900783
"dVrestart","or",120,179.530048640347,170.510589772853,189.325655958114
"dVrestart","or",121,179.661170336322,170.599362173617,189.380201051849
"dVrestart","or",122,179.780298314243,170.606866795441,189.531500472829
"dVrestart","or",123,179.887826000133,170.811207345799,189.568124892698
"dVrestart","or",124,179.984144008946,170.910096529868,189.676897156432
"dVrestart","or",125,180.069637879,171.116993173551,189.710749453235
"dVrestart","or",126,180.144685932776,171.127883585961,189.733339337799
"dVrestart","or",127,180.209657273148,171.159874052529,189.785385963802
"dVrestart","or",128,180.264909923048,171.253098832899,189.83294960907
"dVrestart","or",129,180.310789115384,171.483463347903,189.825471842791
"dVrestart","or",130,180.347625738974,171.507616117718,189.957336672565
"dVrestart","or",131,180.375734945089,171.604843749399,189.969548668536
"dVrestart","or",132,180.395414918206,171.565547195081,190.004749521444
"dVrestart","or",133,180.406945813414,171.510067016995,190.031741586161
"dVrestart","or",134,180.410588862001,171.489471962591,190.075457579009
"dVrestart","or",135,180.40658564566,171.478259442643,190.105638428443
"dVrestart","or",136,180.395157538872,171.438929396371,190.13280405738
"dVrestart","or",137,180.376505318077,171.550279036303,190.097911940451
"dVrestart","or",138,180.350808935368,171.428385781396,190.161439107406
"dVrestart","or",139,180.318227453623,171.303000072541,190.204242054456
"dVrestart","or",140,180.278899139189,171.262269410611,190.014520914543
"dVrestart","or",141,180.232941707494,171.26613578405,189.818649327974
"dVrestart","or",142,180.180452716238,171.253671211531,189.7240015696
"dVrestart","or",143,180.121510100176,171.216660295592,189.747744950004
"dVrestart","or",144,180.056172840861,171.174965954155,189.82591279148
"dVrestart","or",145,179.984481764158,171.097530839687,189.803707206271
"dVrestart","or",146,179.90646045777,171.045669884006,189.610592576977
"dVrestart","or",147,179.822116300588,171.005220618171,189.441128155481
"dVrestart","or",148,179.731441595141,170.924557343145,189.257768443699
"dVrestart","or",149,179.634414794086,170.734123332448,189.056921615126
"dVrestart","or",150,179.531001811298,170.55233341901,188.974277936269
"dVrestart","or",151,179.42115740778,170.508411141501,188.780225687662
"dVrestart","or",152,179.304826642365,170.419203742768,188.738968013874
"dVrestart","or",153,179.181946376972,170.444201033386,188.743252921529
"dVrestart","or",154,179.052446825966,170.193758768544,188.592662363776
"dVrestart","or",155,178.9162531391,169.951822559306,188.480649883768
"dVrestart","or",156,178.773287007402,169.80630083229,188.568131527854
"dVrestart","or",157,178.623468281381,169.657053116372,188.115444737149
"dVrestart","or",158,178.466716590964,169.359279089464,187.949955417088
"dVrestart","or",159,178.302952956654,169.088442702695,187.764139829182
"dVrestart","or",160,178.13210138157,169.004836893799,187.545645484947
"dVrestart","or",161,177.954090414224,168.787164995957,187.366832461712
"dVrestart","or",162,177.768854672175,168.750016991361,187.275187441588
"dVrestart","or",163,177.576336317002,168.53640376854,187.152507310736
"dVrestart","or",164,177.376486471446,168.41469475196,187.00859069944
"dVrestart","or",165,177.169266569981,168.245556116721,186.627299020119
"dVrestart","or",166,176.954649634605,167.916000162745,186.398127733094
"dVrestart","or",167,176.732621468132,167.660136306915,186.163349889093
"dVrestart","or",168,176.503181757922,167.472048651152,185.84612292091
"dVrestart","or",169,176.266345083572,167.210122100766,185.620010899181
"dVrestart","or",170,176.022141822804,167.001982873096,185.306660558999
"dVrestart","or",171,175.770618950499,166.677007029955,184.974924394751
"dVrestart","or",172,175.511840726552,166.298361960528,184.691222470885
"dVrestart","or",173,175.245889269048,166.075716869469,184.421918157008
"dVrestart","or",174,174.97286501,165.815980919338,184.035385409064
"dVrestart","or",175,174.692887031752,165.563348851443,183.827732411925
"dVrestart","or",176,174.406093282927,165.229477272856,183.452685970707
"dVrestart","or",177,174.112640673661,164.946698483783,183.072554582517
"dVrestart","or",178,173.812705050634,164.701572064437,182.894199063941
"dVrestart","or",179,173.506481053259,164.409673523127,182.493087954619
"dVrestart","or",180,173.194181853128,164.044262040913,182.022909666974
"dVrestart","or",181,172.876038779604,163.783422131833,181.728431384159
"dVrestart","or",182,172.552300835158,163.530995643085,181.356744508361
"dVrestart","or",183,172.223234104732,163.144376192789,181.014095589042
"dVrestart","or",184,171.889121064072,162.813943407168,180.699505287765
"dVrestart","or",185,171.550259792541,162.53131502398,180.275634588454
"dVrestart","or",186,171.206963096504,162.251657570153,180.008557285747
"dVrestart","or",187,170.859557549819,161.987391596579,179.690379067408
"dVrestart","or",188,170.508382458433,161.688262474004,179.295743413492
"dVrestart","or",189,170.153788756421,161.350983239017,178.805349436173
"dVrestart","or",190,169.79613784113,161.03237519021,178.469630641897
"dVrestart","or",191,169.435800355313,160.702727580185,178.100540991082
"dVrestart","or",192,169.073154924313,160.394858530443,177.810885762865
"dVrestart","or",193,168.708586856479,159.987857674903,177.516252757128
"dVrestart","or",194,168.342486815035,159.592781719407,177.112366643154
"dVrestart","or",195,167.975249469616,159.275135404749,176.578410937843
"dVrestart","or",196,167.607272135605,158.985616672805,176.13383745161
"dVrestart","or",197,167.23895340929,158.704052398159,175.833209564347
"dVrestart","or",198,166.870691806689,158.337365624694,175.432826203134
"dVrestart","or",199,166.502884413634,157.941391127336,175.016182232922
"dVrestart","or",200,166.135925554486,157.550646809172,174.558891366397
"dVrestart","or",201,165.77020548649,157.19854741209,174.150066471391
"dVrestart","or",202,165.406109126486,156.822234414091,173.753765369539
"dVrestart","or",203,165.044014816271,156.454960423079,173.542220294984
"dVrestart","or",204,164.684293132555,156.15698259333,173.265925040183
"dVrestart","or",205,164.327305746983,155.963556151038,172.974235929348
"dVrestart","or",206,163.973404341304,155.793555728249,172.709863441992
"dVrestart","or",207,163.622929582286,155.614762003622,172.455888630465
"dVrestart","or",208,163.276210160527,155.288521165595,172.141756302333
"dVrestart","or",209,162.933561896856,154.931101734779,171.777498667814
"dVrestart","or",210,162.595286919542,154.430390634878,171.44539707705
"dVrestart","or",211,162.261672915081,154.000951439879,171.097254259258
"dVrestart","or",212,161.932992454853,153.729114567735,170.723767021708
"dVrestart","or",213,161.609502399524,153.39006382597,170.427011449335
"dVrestart","or",214,161.291443382599,153.199537998743,170.056521205731
"dVrestart","or",215,160.979039374116,152.895923414924,169.678704758997
"dVrestart","or",216,160.672497325065,152.501995530375,169.386646136635
"dVrestart","or",217,160.372006892705,152.262387280967,169.242120228766
"dVrestart","or",218,160.077740246577,151.975493437796,169.01316052951
"dVrestart","or",219,159.789851954624,151.756199521402,168.635309034518
"dVrestart","or",220,159.508478948515,151.573706700641,168.334831506366
"dVrestart","or",221,159.23374056688,151.274320382881,168.03344539619
"dVrestart","or",222,158.965738674907,151.054491209195,167.57316083294
"dVrestart","or",223,158.704557858375,150.89477733371,167.24478656017
"dVrestart","or",224,158.450265689996,150.655915723098,167.042288752927
"dVrestart","or",225,158.202913065574,150.577655925116,166.825215111894
"dVrestart","or",226,157.962534607312,150.41191137976,166.559942937818
"dVrestart","or",227,157.729149131301,150.157969047785,166.340565687451
"dVrestart","or",228,157.502760176024,150.005898372739,166.010761243314
"dVrestart","or",229,157.283356588486,149.757401801254,165.739748302597
"dVrestart","or",230,157.070913164366,149.569919212312,165.425295200553
"dVrestart","or",231,156.865391338422,149.449678039806,165.255927841992
"dVrestart","or",232,156.666739921195,149.198811365084,165.02761095519
"dVrestart","or",233,156.474895877874,149.041451781155,164.70980537042
"dVrestart","or",234,156.289785145074,148.942695388837,164.520587783123
"dVrestart","or",235,156.111323481116,148.742545407759,164.324492785042
"dVrestart","or",236,155.939417345278,148.602568103202,164.18273086417
"dVrestart","or",237,155.7739648014,148.348502029582,164.022637412396
"dVrestart","or",238,155.614856441097,148.164003297514,163.847485280477
"dVrestart","or",239,155.461976321805,148.003869963199,163.708806971884
"dVrestart","or",240,155.315202914786,147.823357085582,163.474485443462
"dVrestart","or",241,155.174410058198,147.724025219541,163.305588320951
"dVrestart","or",242,155.039467910308,147.587890839679,163.217416432934
"dVrestart","or",243,154.910243897925,147.447045111501,163.088061686022
"dVrestart","or",244,154.786603655148,147.31668263514,162.983847596113
"dVrestart","or",245,154.668411947564,146.972251968262,162.929526594399
"dVrestart","or",246,154.555533577081,146.795429868449,162.829964084335
"dVrestart","or",247,154.447834262696,146.63982838462,162.634806031969
"dVrestart","or",248,154.345181492564,146.556751208204,162.518423311973
"dVrestart","or",249,154.247445342907,146.624948353241,162.335299265428
"dVrestart","or",250,154.15449925943,146.536580299073,162.165949626184
"dVrestart","or",251,154.066220797105,146.460161741756,162.063486789379
"dVrestart","or",252,153.982492314381,146.390114469257,162.113533965362
"dVrestart","or",253,153.903201618118,146.270969659986,162.080928851821
"dVrestart","or",254,153.828242555776,146.225193814492,162.064818333029
"dVrestart","or",255,153.757515551677,146.119453315981,161.965221699181
"dVrestart","or",256,153.690928084451,145.95987177121,161.884199143257
"dVrestart","or",257,153.628395103071,145.927316748283,161.871444845029
"dVrestart","or",258,153.569839379248,145.752767843381,161.757780730007
"dVrestart","or",259,153.515191794263,145.6083865958,161.714638726071
"dVrestart","or",260,153.464391558692,145.452177411983,161.718289986441
"dVrestart","or",261,153.417386363871,145.519716029044,161.606427018911
"dVrestart","or",262,153.374132464285,145.665633648181,161.57949282973
"dVrestart","or",263,153.334594690481,145.626165667397,161.450212097656
"dVrestart","or",264,153.298746392503,145.591332206199,161.386131014137
"dVrestart","or",265,153.266569314211,145.624408939944,161.305929451134
"dVrestart","or",266,153.238053399256,145.64931632181,161.218573983641
"dVrestart","or",267,153.213196529873,145.61392395904,161.143178159132
"dVrestart","or",268,153.192004200022,145.606225211842,161.171371395155
"dVrestart","or",269,153.174489124785,145.517302179154,161.144801267394
"dVrestart","or",270,153.160670788294,145.417094030923,161.054171489913
"dVrestart","or",271,153.150574932786,145.342564404073,161.048662226538
"dVrestart","or",272,153.144232991751,145.323663457428,160.963948721754
"dVrestart","or",273,153.141681470414,145.201956059395,160.974552240129
"dVrestart","or",274,153.142961277104,145.331212282285,160.971225445172
"dVrestart","or",275,153.148117009338,145.418030653775,160.891180656808
"dVrestart","or",276,153.157196198679,145.45607493479,160.809018370381
"dVrestart","or",277,153.170248518683,145.451992456893,160.818878776906
"dVrestart","or",278,153.187324960421,145.497869085434,160.888788375012
"dVrestart","or",279,153.208476980264,145.482414023155,160.876830927741
"dVrestart","or",280,153.233755624757,145.520393932208,160.852221314072
"dVrestart","or",281,153.263210637556,145.527114142669,160.960234144842
"dVrestart","or",282,153.296889553475,145.548142595352,160.973218729317
"dVrestart","or",283,153.334836784801,145.572113729961,161.123689916205
"dVrestart","or",284,153.377092705065,145.548080197687,161.161726589725
"dVrestart","or",285,153.423692735504,145.523420327923,161.200321340832
"dVrestart","or",286,153.47466643945,145.513858613478,161.315472079268
"dVrestart","or",287,153.530036629858,145.534302383422,161.467571211402
"dVrestart","or",288,153.589818495175,145.70012986545,161.694287653336
"dVrestart","or",289,153.654018748662,145.78496222129,161.916229854575
"dVrestart","or",290,153.722634806226,145.813167458589,161.88759017116
"dVrestart","or",291,153.795653997717,145.87850083917,162.020060357011
"dVrestart","or",292,153.873052816517,145.975590138557,162.181371889198
"dVrestart","or",293,153.954796212136,146.016936254746,162.249286632925
"dVrestart","or",294,154.040836930353,146.113552111523,162.311293939512
"dVrestart","or",295,154.131114905295,146.210787323653,162.473635888866
"dVrestart","or",296,154.225556707636,146.38498211472,162.526870407941
"dVrestart","or",297,154.324075052916,146.505649847643,162.589198622318
"dVrestart","or",298,154.426568373746,146.642242158115,162.659516759314
"dVrestart","or",299,154.532920459441,146.868788082737,162.748509373612
"dVrestart","or",300,154.643000166346,146.845159967007,162.880412627367
"dVrestart","or",301,154.756661201888,146.909360655036,163.05822481821
"dVrestart","or",302,154.873741985052,147.057471900704,163.218031375613
"dVrestart","or",303,154.994065585723,147.197740251477,163.389362993399
"dVrestart","or",304,155.117439744974,147.267433264698,163.472799211789
"dVrestart","or",305,155.243656978056,147.45992315449,163.686634117114
"dVrestart","or",306,155.372494761506,147.684738150984,163.750016577336
"dVrestart","or",307,155.503715805377,147.746591378467,163.907515103702
"dVrestart","or",308,155.637068411226,147.794318126593,164.069316336435
"dVrestart","or",309,155.772286916096,147.91744688327,164.226149621849
"dVrestart","or",310,155.909092222266,148.179109763224,164.491657923368
"dVrestart","or",311,156.047192412136,148.301003801731,164.547663364074
"dVrestart","or",312,156.186283447147,148.574135012268,164.859245919857
"dVrestart","or",313,156.326049949147,148.793892162469,164.854685948742
"dVrestart","or",314,156.466166062174,148.89008297873,165.055567638661
"dVrestart","or",315,156.606296392083,149.02746305497,165.170804810668
"dVrestart","or",316,156.746097021,149.163509275781,165.356590384727
"dVrestart","or",317,156.885216593047,149.317324115029,165.602388604367
"dVrestart","or",318,157.023297467287,149.416480302409,165.764272899286
"dVrestart","or",319,157.159976933353,149.729280224612,165.890208149496
"dVrestart","or",320,157.294888484704,149.80589218006,165.8709709745
"dVrestart","or",321,157.427663143987,149.885486757557,166.092247192562
"dVrestart","or",322,157.557930834507,149.993865282862,166.170105007473
"dVrestart","or",323,157.685321791354,150.091075736905,166.28753458307
"dVrestart","or",324,157.809468005299,150.21997584415,166.440278045324
"dVrestart","or",325,157.9300046922,150.229173297066,166.605294198024
"dVrestart","or",326,158.046571780253,150.274476709818,166.68638562382
"dVrestart","or",327,158.158815407132,150.271641955728,166.863871112161
"dVrestart","or",328,158.266389418757,150.204296777018,166.959811684861
"dVrestart","or",329,158.368956861179,150.242200713857,167.191548328413
"dVrestart","or",330,158.466191456921,150.3169991602,167.328627088352
"dVrestart","or",331,158.557779056949,150.3177109584,167.445562409581
"dVrestart","or",332,158.643419059388,150.342181661269,167.58734844147
"dVrestart","or",333,158.722825786076,150.498960629319,167.618294952522
"dVrestart","or",334,158.795729808131,150.468351413975,167.675700931122
"dVrestart","or",335,158.861879211775,150.409954993622,167.833038997915
"dVrestart","or",336,158.921040795911,150.370645962074,167.932416190682
"dVrestart","or",337,158.973001193111,150.462753890735,167.970260749809
"dVrestart","or",338,159.017567906099,150.571231094173,168.115442942971
"dVrestart","or",339,159.054570252096,150.508462457919,168.113611261379
"dVrestart","or",340,159.083860207912,150.463316043084,168.156697680487
"dVrestart","or",341,159.105313149127,150.479498091392,168.088673222853
"dVrestart","or",342,159.118828477298,150.41484437494,168.150778333959
"dVrestart","or",343,159.124330129738,150.451708231375,168.123995702722
"dVrestart","or",344,159.121766967038,150.497979335785,168.183015700609
"dVrestart","or",345,159.111113034245,150.340070673151,168.174689695929
"dVrestart","or",346,159.092367692336,150.32528045283,168.136575314865
"dVrestart","or",347,159.065555617359,150.268429428783,168.138145766415
"dVrestart","or",348,159.030726665412,150.336124032101,168.140882436899
"dVrestart","or",349,158.987955602439,150.271844785649,168.073155848848
"dVrestart","or",350,158.93734169858,150.19709197091,168.024261413445
"dVrestart","or",351,158.879008187634,149.976427467864,167.896830961103
"dVrestart","or",352,158.81310159294,150.015101830438,167.806147482101
"dVrestart","or",353,158.739790921807,149.978431843007,167.757613293003
"dVrestart","or",354,158.659266731241,150.059995143741,167.610486695667
"dVrestart","or",355,158.571740068544,149.940089958402,167.377784271645
"dVrestart","or",356,158.477441290931,149.823732517233,167.252063899971
"dVrestart","or",357,158.376618768923,149.748536881052,167.096479654861
"dVrestart","or",358,158.269537478898,149.647044162554,166.904897640626
"dVrestart","or",359,158.156477490585,149.669202571325,166.885453262603
"dVrestart","or",360,158.03773235582,149.446731059307,166.80824979507
"dVrestart","or",361,157.913607405166,149.282853189644,166.883070126169
"dVrestart","or",362,157.78441795939,149.02744543913,166.850278851843
"dVrestart","or",363,157.650487462979,148.84904318883,166.876431792881
"dVrestart","or",364,157.512145547031,148.504649298516,166.932123209112
"dVrestart","or",365,157.36972602905,148.249893190645,166.88893653739
"dVrestart","or",366,157.22356485708,147.955296928568,167.101103865435
"dVrestart","or",367,157.073998005708,147.699389643371,167.246370481936
"dVrestart","or",368,156.921359331286,147.313594199193,167.37448894658
"dVrestart","or",369,156.765978393605,146.919228700082,167.671009867886
"dVrestart","or",370,156.608178251059,146.387744225423,167.854009342901
"dVrestart","or",371,156.448273236041,145.907663881641,168.112638317232
"dVrestart","or",372,156.286566717034,145.331898419436,168.164094497164
"dVrestart","or",373,156.123348853519,145.009328838094,168.394497525234
"dVrestart","or",374,155.958894349379,144.468439954902,168.661215863227
"dVrestart","or",375,155.793460210149,143.822369586966,168.86035032719
"dVrestart","or",376,155.627283508945,143.305151343122,169.331789704928
"dVrestart","or",377,155.460579165465,142.629843636036,169.574102112677
"dVrestart","or",378,155.29353774198,142.129202667672,169.993734199242
"dVrestart","or",379,155.126323259735,141.613266303892,170.344123059978
"dVrestart","or",380,154.959071038686,140.894298105905,170.547629526903
"dVrestart","or",381,154.791885562993,140.423207574636,170.942611934408
"dVrestart","or",382,154.624838374202,139.716615164317,171.318928831343
"dVrestart","psm_pt2",1,0.3048591431619,0.112407041652621,0.599440219912481
"dVrestart","psm_pt2",2,0.306423045731995,0.114873666538619,0.596845935436705
"dVrestart","psm_pt2",3,0.307991294230509,0.117897255739489,0.594246337904986
"dVrestart","psm_pt2",4,0.309563795581643,0.120447385395678,0.591602355468683
"dVrestart","psm_pt2",5,0.311140418160331,0.12331153457528,0.588952226139309
"dVrestart","psm_pt2",6,0.312721010612044,0.126229067185117,0.586765306950389
"dVrestart","psm_pt2",7,0.314305384453456,0.129210411558454,0.585283396302128
"dVrestart","psm_pt2",8,0.315893340273602,0.132447108021058,0.583796470764672
"dVrestart","psm_pt2",9,0.317484676553208,0.135528203726837,0.582299587764455
"dVrestart","psm_pt2",10,0.319079189696627,0.138553708708523,0.580192437866512
"dVrestart","psm_pt2",11,0.320676666456979,0.142054600095462,0.576679868043117
"dVrestart","psm_pt2",12,0.322276853625175,0.145617362480477,0.573045296211966
"dVrestart","psm_pt2",13,0.323879451252168,0.149026976590821,0.572008555405252
"dVrestart","psm_pt2",14,0.325484120587366,0.152815286813949,0.570233247499484
"dVrestart","psm_pt2",15,0.327090505940778,0.155944941720623,0.567442210018825
"dVrestart","psm_pt2",16,0.328698215381011,0.15864214870121,0.567301418188539
"dVrestart","psm_pt2",17,0.330306815008806,0.161512959750868,0.566500952680684
"dVrestart","psm_pt2",18,0.331915830100107,0.164305358066652,0.564249903330736
"dVrestart","psm_pt2",19,0.333524751962423,0.167050554473207,0.562605136149894
"dVrestart","psm_pt2",20,0.335133061757342,0.170121806080773,0.559509061989593
"dVrestart","psm_pt2",21,0.336740236514192,0.172715314269859,0.558105995403306
"dVrestart","psm_pt2",22,0.338345744259487,0.175574841595222,0.554669664219327
"dVrestart","psm_pt2",23,0.339949029079435,0.179289106547207,0.554824973360087
"dVrestart","psm_pt2",24,0.341549526061621,0.182315456784674,0.551262941848388
"dVrestart","psm_pt2",25,0.343146666398981,0.18559323313657,0.547681556178176
"dVrestart","psm_pt2",26,0.344739873454506,0.188470836897666,0.545099974051695
"dVrestart","psm_pt2",27,0.346328546758834,0.191848926488262,0.544707562725629
"dVrestart","psm_pt2",28,0.347912062647346,0.195258546137369,0.543999540266197
"dVrestart","psm_pt2",29,0.349489786507418,0.198692725608135,0.541696997302288
"dVrestart","psm_pt2",30,0.351061066505634,0.201850299689757,0.539385105982621
"dVrestart","psm_pt2",31,0.352625240907592,0.205656994949802,0.538203199670606
"dVrestart","psm_pt2",32,0.354181629947036,0.210109169815769,0.538285540899434
"dVrestart","psm_pt2",33,0.355729533994792,0.21384788841236,0.538118191109916
"dVrestart","psm_pt2",34,0.357268237229693,0.217489413045491,0.53502500507623
"dVrestart","psm_pt2",35,0.358797018106153,0.21990425031216,0.532592912350806
"dVrestart","psm_pt2",36,0.360315152073888,0.223336034583275,0.531990704358123
"dVrestart","psm_pt2",37,0.361821910077874,0.226847324937348,0.531513449565508
"dVrestart","psm_pt2",38,0.363316552153722,0.229545920584922,0.530202146295681
"dVrestart","psm_pt2",39,0.364798326889302,0.231873395894692,0.528048517522771
"dVrestart","psm_pt2",40,0.366266472781295,0.234565752627498,0.526528574828489
"dVrestart","psm_pt2",41,0.367720220479462,0.238014075121612,0.526270147871184
"dVrestart","psm_pt2",42,0.3691587975117,0.241497229704134,0.526250365605984
"dVrestart","psm_pt2",43,0.370581429571608,0.243674064952001,0.524398372341692
"dVrestart","psm_pt2",44,0.37198734041121,0.246678153961805,0.524275995723945
"dVrestart","psm_pt2",45,0.373375751109431,0.249026440285934,0.524063641367537
"dVrestart","psm_pt2",46,0.37474588119181,0.251664683395074,0.522702880896024
"dVrestart","psm_pt2",47,0.376096949383418,0.254348429936124,0.522373326427959
"dVrestart","psm_pt2",48,0.37742817497942,0.257289591554338,0.521992796565247
"dVrestart","psm_pt2",49,0.378738779193766,0.258896026556879,0.52249640246791
"dVrestart","psm_pt2",50,0.380027986428365,0.260203833691442,0.522526064495886
"dVrestart","psm_pt2",51,0.381295024571453,0.263248465465888,0.521150913856738
"dVrestart","psm_pt2",52,0.382539122235071,0.265315018896815,0.519528622274772
"dVrestart","psm_pt2",53,0.383759509438137,0.2669580261065,0.520899449191964
"dVrestart","psm_pt2",54,0.384955423115886,0.267984878146504,0.519842472551104
"dVrestart","psm_pt2",55,0.386126109424239,0.270419912521886,0.520406647389919
"dVrestart","psm_pt2",56,0.387270824900869,0.273031993038278,0.521755588939942
"dVrestart","psm_pt2",57,0.388388835675161,0.27487008732424,0.523855333158375
"dVrestart","psm_pt2",58,0.389479412782147,0.2765069794809,0.524440388275411
"dVrestart","psm_pt2",59,0.390541839014776,0.278301034382308,0.525707298309044
"dVrestart","psm_pt2",60,0.391575411919046,0.279703842443876,0.525779947059343
"dVrestart","psm_pt2",61,0.392579444839009,0.280598168986985,0.524446870471692
"dVrestart","psm_pt2",62,0.393553267935648,0.280893592920088,0.525903410501762
"dVrestart","psm_pt2",63,0.394496229179127,0.282916936240986,0.528651225296233
"dVrestart","psm_pt2",64,0.395407695313972,0.283398784584692,0.531710753979196
"dVrestart","psm_pt2",65,0.396287049744434,0.285900799905989,0.531156305000412
"dVrestart","psm_pt2",66,0.397133681091918,0.286569920437621,0.531548298263339
"dVrestart","psm_pt2",67,0.397946980354681,0.287078883651525,0.531256646444914
"dVrestart","psm_pt2",68,0.398726344404148,0.288320445526226,0.531888210469464
"dVrestart","psm_pt2",69,0.399471186335418,0.289915398923242,0.53299469125685
"dVrestart","psm_pt2",70,0.40018092895868,0.290688402839618,0.533291134983402
"dVrestart","psm_pt2",71,0.400855012409338,0.290799756821937,0.533320710908921
"dVrestart","psm_pt2",72,0.401492887162961,0.290595204714508,0.534224704746838
"dVrestart","psm_pt2",73,0.402094026013099,0.290595683862805,0.536186834391436
"dVrestart","psm_pt2",74,0.402657928537195,0.290658368138384,0.537985154501914
"dVrestart","psm_pt2",75,0.40318411762921,0.291546331395358,0.539622159234698
"dVrestart","psm_pt2",76,0.403672127683303,0.290974487930731,0.54106549677373
"dVrestart","psm_pt2",77,0.404121517666404,0.290112210141821,0.540815834738805
"dVrestart","psm_pt2",78,0.404531871462199,0.290423139151879,0.541760168233331
"dVrestart","psm_pt2",79,0.404902785195101,0.291441046596705,0.541716539657057
"dVrestart","psm_pt2",80,0.405233881017289,0.291823770943605,0.54180132699313
"dVrestart","psm_pt2",81,0.405524807410494,0.291063946985341,0.542240496890093
"dVrestart","psm_pt2",82,0.405775225749387,0.291346677596407,0.541578748620256
"dVrestart","psm_pt2",83,0.405984824709414,0.291057378383606,0.542229670883482
"dVrestart","psm_pt2",84,0.406153325371705,0.290745310021735,0.543226069151116
"dVrestart","psm_pt2",85,0.406280481657884,0.291624802616734,0.542981781751747
"dVrestart","psm_pt2",86,0.406366080738202,0.291734283626177,0.544011931845031
"dVrestart","psm_pt2",87,0.40640994341314,0.291442373124637,0.544291196441011
"dVrestart","psm_pt2",88,0.406411919412531,0.291833522601,0.544771577853011
"dVrestart","psm_pt2",89,0.406371872557393,0.29128201238324,0.544835411913787
"dVrestart","psm_pt2",90,0.406289696237116,0.290753919055276,0.544488454980599
"dVrestart","psm_pt2",91,0.406165313572699,0.289978143346166,0.544353055803402
"dVrestart","psm_pt2",92,0.405998656933308,0.289847479363026,0.543941310514527
"dVrestart","psm_pt2",93,0.405789668088412,0.290326268727225,0.54439157421166
"dVrestart","psm_pt2",94,0.405538313988088,0.290444436953343,0.545217469325309
"dVrestart","psm_pt2",95,0.405244571084812,0.290041978274783,0.544783051631715
"dVrestart","psm_pt2",96,0.404908425469614,0.289642577497485,0.544897790768643
"dVrestart","psm_pt2",97,0.404529894204748,0.289247187108161,0.544455559657922
"dVrestart","psm_pt2",98,0.404109030760897,0.288858509479239,0.544212270815785
"dVrestart","psm_pt2",99,0.40364591977934,0.287151852012067,0.544179850680499
"dVrestart","psm_pt2",100,0.403140655759018,0.286353283559868,0.543222910721379
"dVrestart","psm_pt2",101,0.402593343149799,0.285557720526138,0.542388011112026
"dVrestart","psm_pt2",102,0.402004117866791,0.285861660231844,0.541854939839054
"dVrestart","psm_pt2",103,0.401373152679577,0.285078123928551,0.541387422125183
"dVrestart","psm_pt2",104,0.400700651856955,0.284350924087257,0.54106761488672
"dVrestart","psm_pt2",105,0.399986829759357,0.284378009503829,0.540646479928618
"dVrestart","psm_pt2",106,0.399231905551201,0.283252437329144,0.540175914694301
"dVrestart","psm_pt2",107,0.398436103283006,0.281914249000808,0.539604639039413
"dVrestart","psm_pt2",108,0.397599657273637,0.280661661877914,0.538945464354821
"dVrestart","psm_pt2",109,0.39672283332896,0.280104715768343,0.538127363664419
"dVrestart","psm_pt2",110,0.3958059286794,0.279822566280483,0.537135154360152
"dVrestart","psm_pt2",111,0.394849256103894,0.279445151042109,0.536085019347104
"dVrestart","psm_pt2",112,0.393853154350804,0.278839491324923,0.535012449034417
"dVrestart","psm_pt2",113,0.392817977645553,0.27814820721455,0.534232113032582
"dVrestart","psm_pt2",114,0.39174410595755,0.277509564329637,0.533345987411044
"dVrestart","psm_pt2",115,0.390631929531653,0.276430125438369,0.531123255868826
"dVrestart","psm_pt2",116,0.389481848818425,0.274062123021265,0.528988173425154
"dVrestart","psm_pt2",117,0.38829429458948,0.273342880138574,0.528500500717966
"dVrestart","psm_pt2",118,0.387069732676262,0.272722916844012,0.528032374518406
"dVrestart","psm_pt2",119,0.385808658690777,0.272669065564887,0.526511912225617
"dVrestart","psm_pt2",120,0.384511582970467,0.271630099672589,0.523863328683426
"dVrestart","psm_pt2",121,0.38317904010671,0.270582774498793,0.521398894140869
"dVrestart","psm_pt2",122,0.3818115743337,0.269595439418397,0.519002776231768
"dVrestart","psm_pt2",123,0.380409739331421,0.268565401492327,0.517013304811736
"dVrestart","psm_pt2",124,0.378974112160372,0.267991211950785,0.515571051521212
"dVrestart","psm_pt2",125,0.377505283675254,0.266875968328777,0.514245135889028
"dVrestart","psm_pt2",126,0.376003871845107,0.265665261851106,0.512215975600004
"dVrestart","psm_pt2",127,0.374470525748887,0.264646249199917,0.509817928754379
"dVrestart","psm_pt2",128,0.3729059205799,0.263602923090521,0.507259657925286
"dVrestart","psm_pt2",129,0.371310739740863,0.262549773536935,0.505043797568571
"dVrestart","psm_pt2",130,0.369685674498159,0.261498770258493,0.503083560686786
"dVrestart","psm_pt2",131,0.368031440469968,0.259938929048607,0.501785461839482
"dVrestart","psm_pt2",132,0.366348781122557,0.259262712639295,0.50034644010495
"dVrestart","psm_pt2",133,0.364638463004171,0.258344697408815,0.498761294786443
"dVrestart","psm_pt2",134,0.362901259237276,0.257422881531631,0.497898225242523
"dVrestart","psm_pt2",135,0.361137949060292,0.255724246293021,0.496739395345038
"dVrestart","psm_pt2",136,0.359349332610592,0.253608307214574,0.494811501259539
"dVrestart","psm_pt2",137,0.357536233883081,0.2525116511623,0.493438343331781
"dVrestart","psm_pt2",138,0.355699499773264,0.252321893902605,0.491236568944819
"dVrestart","psm_pt2",139,0.353839999089618,0.251530359703944,0.488399655228281
"dVrestart","psm_pt2",140,0.351958618192714,0.249470774874143,0.486801611996982
"dVrestart","psm_pt2",141,0.350056246732105,0.247249231695627,0.483291987000045
"dVrestart","psm_pt2",142,0.348133777034643,0.245072510373527,0.481171335137609
"dVrestart","psm_pt2",143,0.34619211625233,0.244599578430842,0.479942684858802
"dVrestart","psm_pt2",144,0.344232188531878,0.243774928089869,0.476636799428331
"dVrestart","psm_pt2",145,0.342254931021872,0.242778834976358,0.475030180064331
"dVrestart","psm_pt2",146,0.340261281400586,0.240643672760341,0.472147763900848
"dVrestart","psm_pt2",147,0.338252177186863,0.238845335044186,0.470993922837475
"dVrestart","psm_pt2",148,0.336228565907811,0.238364700087427,0.469287843568964
"dVrestart","psm_pt2",149,0.334191406721923,0.237115662111106,0.467123127956195
"dVrestart","psm_pt2",150,0.332141669238704,0.234330022318581,0.463552039786986
"dVrestart","psm_pt2",151,0.330080332328595,0.231768529178388,0.461988166496291
"dVrestart","psm_pt2",152,0.328008382925526,0.230076255942635,0.459260998001301
"dVrestart","psm_pt2",153,0.325926814824483,0.22819623290916,0.455774152572382
"dVrestart","psm_pt2",154,0.323836627476545,0.225532686396064,0.452819452877009
"dVrestart","psm_pt2",155,0.32173882478387,0.222925099806612,0.45016945645659
"dVrestart","psm_pt2",156,0.319634413897163,0.220761005893393,0.448268301564224
"dVrestart","psm_pt2",157,0.317524404018168,0.219453844137323,0.444828888186498
"dVrestart","psm_pt2",158,0.315409803631131,0.218206904411384,0.443737099417272
"dVrestart","psm_pt2",159,0.313291614632388,0.216630349562019,0.442261102007499
"dVrestart","psm_pt2",160,0.311170835980025,0.216137491726012,0.439902429836961
"dVrestart","psm_pt2",161,0.309048462858024,0.21400388493848,0.439501233762493
"dVrestart","psm_pt2",162,0.306925480572728,0.211077668563648,0.43724474578446
"dVrestart","psm_pt2",163,0.304802862766603,0.208583771288229,0.433905453446553
"dVrestart","psm_pt2",164,0.302681572014988,0.206496998149675,0.430579397442557
"dVrestart","psm_pt2",165,0.300562562368588,0.204882617941235,0.429432604222463
"dVrestart","psm_pt2",166,0.298446776007589,0.203292462622358,0.428644961754921
"dVrestart","psm_pt2",167,0.29633514260687,0.202502457252241,0.427911961987145
"dVrestart","psm_pt2",168,0.294228581060936,0.201759054062961,0.425359788670569
"dVrestart","psm_pt2",169,0.292127997085301,0.200557350304175,0.422613077769655
"dVrestart","psm_pt2",170,0.290034282648558,0.198465836933175,0.421332055425632
"dVrestart","psm_pt2",171,0.287948316909075,0.19627151609542,0.418185099139249
"dVrestart","psm_pt2",172,0.285870964968541,0.194359385103512,0.415898662319766
"dVrestart","psm_pt2",173,0.283803077895473,0.192500648198389,0.413990743233034
"dVrestart","psm_pt2",174,0.281745491878294,0.191082917085804,0.411950772355204
"dVrestart","psm_pt2",175,0.27969902778835,0.189727815003402,0.409446003259431
"dVrestart","psm_pt2",176,0.277664490730034,0.187197436356047,0.406510931199293
"dVrestart","psm_pt2",177,0.275642669438442,0.185920789957925,0.403673623680741
"dVrestart","psm_pt2",178,0.273634335685033,0.183321334304352,0.401235659496497
"dVrestart","psm_pt2",179,0.271640244127503,0.181031065053179,0.398526311510774
"dVrestart","psm_pt2",180,0.269661132991829,0.179229289896208,0.396632535507638
"dVrestart","psm_pt2",181,0.267697722373646,0.177212976142205,0.395512135251585
"dVrestart","psm_pt2",182,0.265750713408258,0.176947277703695,0.394016300267191
"dVrestart","psm_pt2",183,0.263820788616358,0.176324896185686,0.392789511363073
"dVrestart","psm_pt2",184,0.261908613720127,0.174974063092854,0.391196069120602
"dVrestart","psm_pt2",185,0.260014835117926,0.174438514949482,0.389374922877473
"dVrestart","psm_pt2",186,0.2581400788955,0.172293232810528,0.387509898792935
"dVrestart","psm_pt2",187,0.256284950612356,0.170030062557431,0.386313381597233
"dVrestart","psm_pt2",188,0.254450036230224,0.168705545261475,0.384488835352325
"dVrestart","psm_pt2",189,0.252635906415491,0.167740560268855,0.381877949489221
"dVrestart","psm_pt2",190,0.250843116540913,0.166074072382375,0.380837213960907
"dVrestart","psm_pt2",191,0.249072203234478,0.164727617421301,0.379061184739948
"dVrestart","psm_pt2",192,0.247323687054658,0.163353397964375,0.377695809155232
"dVrestart","psm_pt2",193,0.245598068500646,0.161496509567232,0.376255648752977
"dVrestart","psm_pt2",194,0.24389582674709,0.159705011476924,0.374076515911227
"dVrestart","psm_pt2",195,0.24221741973242,0.158592987120967,0.373397032810464
"dVrestart","psm_pt2",196,0.240563284278949,0.156915569005861,0.37197099674767
"dVrestart","psm_pt2",197,0.238933836243166,0.155599293875189,0.370280292496125
"dVrestart","psm_pt2",198,0.237329470694594,0.153756770958627,0.369090031733795
"dVrestart","psm_pt2",199,0.235750562121511,0.152595643889962,0.368052668622094
"dVrestart","psm_pt2",200,0.234197464661817,0.151096605742409,0.366003768927124
"dVrestart","psm_pt2",201,0.232670512357304,0.150285815928917,0.3643960967883
"dVrestart","psm_pt2",202,0.231170019429548,0.148731737015695,0.36285160735144
"dVrestart","psm_pt2",203,0.229696280575634,0.147713263509656,0.36098519784074
"dVrestart","psm_pt2",204,0.228249571281939,0.147022433686436,0.359075987865209
"dVrestart","psm_pt2",205,0.226830148154156,0.146303000771319,0.358136411744116
"dVrestart","psm_pt2",206,0.225438251387625,0.145334398837996,0.35667045867043
"dVrestart","psm_pt2",207,0.224074111429957,0.144012659287495,0.355563219857679
"dVrestart","psm_pt2",208,0.222737942849354,0.142706156138684,0.353616345228884
"dVrestart","psm_pt2",209,0.221429942576391,0.141591384366449,0.353380421952401
"dVrestart","psm_pt2",210,0.220150290298057,0.139732689950589,0.351327398853136
"dVrestart","psm_pt2",211,0.218899151177941,0.138830870904905,0.349761385941174
"dVrestart","psm_pt2",212,0.217676683147084,0.138457542563425,0.348954881965831
"dVrestart","psm_pt2",213,0.216483030228324,0.137156281002943,0.347662808970046
"dVrestart","psm_pt2",214,0.215318320617944,0.135872067012988,0.346277900830659
"dVrestart","psm_pt2",215,0.214182669554838,0.134872878471429,0.345033296878581
"dVrestart","psm_pt2",216,0.213076187012498,0.133463570804215,0.343928604529904
"dVrestart","psm_pt2",217,0.211998970649686,0.132636371937126,0.343803959993344
"dVrestart","psm_pt2",218,0.210951103769315,0.1321431920801,0.344225517710119
"dVrestart","psm_pt2",219,0.209932655739608,0.131125257818724,0.343482042670939
"dVrestart","psm_pt2",220,0.208943682409176,0.130558663610113,0.342997447930845
"dVrestart","psm_pt2",221,0.207984226514756,0.129833201581047,0.342315365978545
"dVrestart","psm_pt2",222,0.207054320699699,0.129151732859006,0.340418481355768
"dVrestart","psm_pt2",223,0.206153995694798,0.128513876289822,0.338980044465732
"dVrestart","psm_pt2",224,0.205283272729946,0.127919260644989,0.338472119908123
"dVrestart","psm_pt2",225,0.204442161280022,0.127358123366446,0.337902969345914
"dVrestart","psm_pt2",226,0.203630662123215,0.126852557442151,0.337248597938403
"dVrestart","psm_pt2",227,0.202848775701675,0.12603017737443,0.336065943899384
"dVrestart","psm_pt2",228,0.202096494301426,0.124935224365179,0.335372498607395
"dVrestart","psm_pt2",229,0.201373802419867,0.124787819117831,0.334377728921008
"dVrestart","psm_pt2",230,0.200680687957932,0.124819493630581,0.333917369938027
"dVrestart","psm_pt2",231,0.20001714516934,0.124315531486734,0.334006392957352
"dVrestart","psm_pt2",232,0.19938317487901,0.123835427402786,0.333006624472896
"dVrestart","psm_pt2",233,0.19877878193868,0.123824046483066,0.33254138402971
"dVrestart","psm_pt2",234,0.198203967204943,0.123002065578526,0.331445392861805
"dVrestart","psm_pt2",235,0.197658736119293,0.122481735111429,0.330967772134753
"dVrestart","psm_pt2",236,0.197143098905863,0.121844446716454,0.329684332255337
"dVrestart","psm_pt2",237,0.196657062479966,0.121261286568079,0.328588011374556
"dVrestart","psm_pt2",238,0.196200639043986,0.120555018056288,0.328358984603829
"dVrestart","psm_pt2",239,0.195773846275325,0.120746866086879,0.327621808551926
"dVrestart","psm_pt2",240,0.195376699193899,0.120177641093127,0.327849072944068
"dVrestart","psm_pt2",241,0.195009218744926,0.120256560827024,0.327716517622718
"dVrestart","psm_pt2",242,0.19467143197707,0.119805350956842,0.327304616114811
"dVrestart","psm_pt2",243,0.194363361120491,0.119448707676646,0.326872908999382
"dVrestart","psm_pt2",244,0.194085021052438,0.119125155932815,0.326280477677685
"dVrestart","psm_pt2",245,0.193836419532686,0.119008887753873,0.325678877743738
"dVrestart","psm_pt2",246,0.193617557418951,0.118938104601609,0.325722912971263
"dVrestart","psm_pt2",247,0.193428428862122,0.118830501939462,0.325875146893477
"dVrestart","psm_pt2",248,0.193269024226663,0.118785746010384,0.325749036153369
"dVrestart","psm_pt2",249,0.193139338470473,0.118557629221665,0.325684136816606
"dVrestart","psm_pt2",250,0.193039363032315,0.118492943172816,0.325706181422283
"dVrestart","psm_pt2",251,0.1929690832158,0.118475718547097,0.325821051879535
"dVrestart","psm_pt2",252,0.192928481006091,0.118563882588883,0.325454823292523
"dVrestart","psm_pt2",253,0.192917545964287,0.119038376654044,0.324957880140401
"dVrestart","psm_pt2",254,0.19293627527061,0.118841490822601,0.325704918425765
"dVrestart","psm_pt2",255,0.192984665692047,0.119040122000222,0.326153511860295
"dVrestart","psm_pt2",256,0.193062718956608,0.118907423072817,0.326391258881894
"dVrestart","psm_pt2",257,0.193170436466577,0.119136934982956,0.325893562172009
"dVrestart","psm_pt2",258,0.193307824591059,0.119173996168379,0.326100349723823
"dVrestart","psm_pt2",259,0.193474886831849,0.119287933915648,0.326407707479745
"dVrestart","psm_pt2",260,0.193671621224637,0.119519251584615,0.326438746925413
"dVrestart","psm_pt2",261,0.193898022907263,0.119604722739752,0.326667862272564
"dVrestart","psm_pt2",262,0.194154091803047,0.119009336848246,0.326692994768076
"dVrestart","psm_pt2",263,0.194439824969902,0.119079831121014,0.326738802691103
"dVrestart","psm_pt2",264,0.194755216514247,0.119248560906273,0.326857158119022
"dVrestart","psm_pt2",265,0.195100267516352,0.119380841642103,0.326989509008797
"dVrestart","psm_pt2",266,0.195474985982687,0.119590758320494,0.327308090577189
"dVrestart","psm_pt2",267,0.195879376955965,0.120106274866616,0.328322494768868
"dVrestart","psm_pt2",268,0.196313442386399,0.120525186344103,0.328024585718439
"dVrestart","psm_pt2",269,0.196777190628999,0.121020929796365,0.328715769749515
"dVrestart","psm_pt2",270,0.197270636373539,0.121761845894863,0.32960311720546
"dVrestart","psm_pt2",271,0.197793791148409,0.122278409164391,0.330483779940833
"dVrestart","psm_pt2",272,0.198346660876358,0.122663931838321,0.330973649424737
"dVrestart","psm_pt2",273,0.198929245772171,0.123512857530365,0.331392298083213
"dVrestart","psm_pt2",274,0.199541542440882,0.123765454953927,0.332190233233427
"dVrestart","psm_pt2",275,0.200183550433512,0.124334300578402,0.333087593557089
"dVrestart","psm_pt2",276,0.200855265544232,0.124720393058489,0.33441143911033
"dVrestart","psm_pt2",277,0.20155667746739,0.125271773262926,0.335295073306831
"dVrestart","psm_pt2",278,0.202287771724737,0.125708686286589,0.336023702234137
"dVrestart","psm_pt2",279,0.203048535782652,0.126067543817197,0.336856352985524
"dVrestart","psm_pt2",280,0.203838954740054,0.126727123078342,0.337040554558896
"dVrestart","psm_pt2",281,0.204659015151921,0.127950756233091,0.336485570017523
"dVrestart","psm_pt2",282,0.205508698933964,0.128460163918391,0.336361652418653
"dVrestart","psm_pt2",283,0.2063879830846,0.129732249515121,0.338378527661175
"dVrestart","psm_pt2",284,0.207296847051712,0.130211394283084,0.338007483734716
"dVrestart","psm_pt2",285,0.208235272562918,0.130751860153154,0.339574694792023
"dVrestart","psm_pt2",286,0.209203236135827,0.131584472705803,0.338820032012946
"dVrestart","psm_pt2",287,0.2102007087863,0.132458397299673,0.338918909534518
"dVrestart","psm_pt2",288,0.211227662703932,0.133370388151035,0.338550881779082
"dVrestart","psm_pt2",289,0.212284072693214,0.134377401813339,0.338993766932235
"dVrestart","psm_pt2",290,0.213369914296589,0.135166403153476,0.339311098652982
"dVrestart","psm_pt2",291,0.214485157200355,0.136324069888748,0.339955031369435
"dVrestart","psm_pt2",292,0.215629764942178,0.137378410443234,0.34018602698204
"dVrestart","psm_pt2",293,0.216803699222265,0.138474216107099,0.340591362099009
"dVrestart","psm_pt2",294,0.218006915406714,0.139609111614651,0.341439213575971
"dVrestart","psm_pt2",295,0.219239362235431,0.140676842892075,0.342350687541879
"dVrestart","psm_pt2",296,0.220500985677785,0.141163099450275,0.342856287498272
"dVrestart","psm_pt2",297,0.221791724911727,0.142239770094106,0.342906531440909
"dVrestart","psm_pt2",298,0.223111510884375,0.143908568792236,0.343195482333253
"dVrestart","psm_pt2",299,0.2244602672845,0.144927578661914,0.343489377507434
"dVrestart","psm_pt2",300,0.225837913754565,0.146319641780225,0.344300723156015
"dVrestart","psm_pt2",301,0.22724436255596,0.147665827349682,0.34507541522798
"dVrestart","psm_pt2",302,0.228679518303308,0.148807773917238,0.347307294047162
"dVrestart","psm_pt2",303,0.23014328066932,0.149018261856181,0.348625334818747
"dVrestart","psm_pt2",304,0.231635541606832,0.150713318191966,0.348706562912077
"dVrestart","psm_pt2",305,0.233156184374915,0.151702088207482,0.349715367084453
"dVrestart","psm_pt2",306,0.234705083489465,0.153061550096701,0.350046916361579
"dVrestart","psm_pt2",307,0.236282104687407,0.154787072438607,0.351703399527419
"dVrestart","psm_pt2",308,0.237887104905469,0.156803440305437,0.352459620493421
"dVrestart","psm_pt2",309,0.239519932274591,0.158163275897698,0.352659909507698
"dVrestart","psm_pt2",310,0.241180426130862,0.160015689949094,0.354932000844088
"dVrestart","psm_pt2",311,0.242868417044008,0.161883983219284,0.35707325096767
"dVrestart","psm_pt2",312,0.244583726864311,0.163417698529468,0.357857508074112
"dVrestart","psm_pt2",313,0.246326168974476,0.165424567530353,0.360308339611679
"dVrestart","psm_pt2",314,0.248095548940062,0.167540044875049,0.362303639299415
"dVrestart","psm_pt2",315,0.249891664111091,0.16867637064215,0.365266655978747
"dVrestart","psm_pt2",316,0.251714303683791,0.171322456741302,0.368451772749472
"dVrestart","psm_pt2",317,0.25356324874152,0.172932980204178,0.371202280211431
"dVrestart","psm_pt2",318,0.255438272392728,0.174884996672388,0.370955888007503
"dVrestart","psm_pt2",319,0.257339139700851,0.175754571772533,0.374292519563329
"dVrestart","psm_pt2",320,0.25926560708921,0.177803331519751,0.378343392802923
"dVrestart","psm_pt2",321,0.261217422951174,0.179200990653846,0.380067072827229
"dVrestart","psm_pt2",322,0.2631943263748,0.181304024208326,0.383554905794387
"dVrestart","psm_pt2",323,0.265196046556261,0.1818425316555,0.386505139442252
"dVrestart","psm_pt2",324,0.267222303247075,0.182839334546696,0.389285186214314
"dVrestart","psm_pt2",325,0.269272808592816,0.183638657677173,0.39265274577619
"dVrestart","psm_pt2",326,0.271347265786126,0.185204711438134,0.396692096958124
"dVrestart","psm_pt2",327,0.273445371708253,0.186877699993536,0.399548394284311
"dVrestart","psm_pt2",328,0.275566818117802,0.187285440521829,0.403014328641045
"dVrestart","psm_pt2",329,0.277711292112608,0.187587847054229,0.406868323487022
"dVrestart","psm_pt2",330,0.279878475420745,0.188366356123968,0.411014293329888
"dVrestart","psm_pt2",331,0.282068039988544,0.189256375243867,0.413936356014351
"dVrestart","psm_pt2",332,0.284279646749117,0.190269850599296,0.41861001132189
"dVrestart","psm_pt2",333,0.286512945502759,0.190915382916079,0.421836237402024
"dVrestart","psm_pt2",334,0.288767576374427,0.191959304450468,0.428195275016275
"dVrestart","psm_pt2",335,0.291043176127061,0.192023053835109,0.430260147284521
"dVrestart","psm_pt2",336,0.293339380273945,0.192496986317716,0.435531034047976
"dVrestart","psm_pt2",337,0.295655823759773,0.193485604899109,0.439326531114856
"dVrestart","psm_pt2",338,0.297992141667497,0.192927497035258,0.443989717988111
"dVrestart","psm_pt2",339,0.300347969950209,0.194263228623812,0.449311115569405
"dVrestart","psm_pt2",340,0.302722944051629,0.194909951284637,0.454887391050501
"dVrestart","psm_pt2",341,0.305116690970922,0.193922418352495,0.45903220316143
"dVrestart","psm_pt2",342,0.307528829564633,0.194556151379734,0.46403794488888
"dVrestart","psm_pt2",343,0.309958977624844,0.195701059914486,0.469071998853358
"dVrestart","psm_pt2",344,0.312406747568545,0.196616260972794,0.473001458027956
"dVrestart","psm_pt2",345,0.314871754457038,0.195788462799015,0.478888896459793
"dVrestart","psm_pt2",346,0.317353619298607,0.194750019945189,0.48418993647906
"dVrestart","psm_pt2",347,0.319851967127013,0.194450504332362,0.490461104330761
"dVrestart","psm_pt2",348,0.322366419340314,0.19530110891999,0.497668797017152
"dVrestart","psm_pt2",349,0.324896599945787,0.195329044872904,0.503164146776582
"dVrestart","psm_pt2",350,0.327442126988686,0.195358328617231,0.508574804195022
"dVrestart","psm_pt2",351,0.330002612956553,0.194486135841183,0.514549731339487
"dVrestart","psm_pt2",352,0.332577678031065,0.194431325082285,0.52034889887287
"dVrestart","psm_pt2",353,0.335166954212247,0.194253657689751,0.525511444794035
"dVrestart","psm_pt2",354,0.337770082786046,0.19370544749589,0.531948654715509
"dVrestart","psm_pt2",355,0.340386700934217,0.192504311172234,0.538831783045624
"dVrestart","psm_pt2",356,0.343016438408991,0.191488960737292,0.545691257054334
"dVrestart","psm_pt2",357,0.345658917638026,0.19124300605252,0.552153606526446
"dVrestart","psm_pt2",358,0.348313757807517,0.189461435226838,0.558494559775557
"dVrestart","psm_pt2",359,0.350980591077993,0.1897788159439,0.564936707509684
"dVrestart","psm_pt2",360,0.353659067505359,0.189635056654938,0.571903839866188
"dVrestart","psm_pt2",361,0.356348851838606,0.188241489289974,0.578853855383635
"dVrestart","psm_pt2",362,0.359049607242583,0.187713380756202,0.58577551289614
"dVrestart","psm_pt2",363,0.361760991260088,0.186232899276703,0.592094754460624
"dVrestart","psm_pt2",364,0.364482655931229,0.184962898797157,0.597237286984176
"dVrestart","psm_pt2",365,0.36721425262394,0.184448680416661,0.604930214947002
"dVrestart","psm_pt2",366,0.369955446394782,0.182653617132681,0.611570395662139
"dVrestart","psm_pt2",367,0.372705907115665,0.182411970720941,0.617170461503813
"dVrestart","psm_pt2",368,0.375465319782817,0.182246193640962,0.621933242037501
"dVrestart","psm_pt2",369,0.378233375216834,0.182046339422326,0.629319575002863
"dVrestart","psm_pt2",370,0.381009780781253,0.181859456896392,0.635301457245593
"dVrestart","psm_pt2",371,0.383794250653279,0.180458470658766,0.641737825625045
"dVrestart","psm_pt2",372,0.38658651694662,0.178826379552099,0.648168825238225
"dVrestart","psm_pt2",373,0.389386314010722,0.177722305797425,0.654116568180467
"dVrestart","psm_pt2",374,0.39219337886413,0.177935728036177,0.659717760070148
"dVrestart","psm_pt2",375,0.395007468330626,0.177598605190595,0.665742358949555
"dVrestart","psm_pt2",376,0.397828348239454,0.177420279267821,0.670597548258702
"dVrestart","psm_pt2",377,0.400655811493376,0.176491339750296,0.676429114959221
"dVrestart","psm_pt2",378,0.403489678741003,0.17557358903388,0.68299248354109
"dVrestart","psm_pt2",379,0.40632977494391,0.174077010787272,0.689086488298043
"dVrestart","psm_pt2",380,0.409175923494892,0.173235357486952,0.695332943979363
"dVrestart","psm_pt2",381,0.41202794625952,0.172895158427894,0.70148809987236
"dVrestart","psm_pt2",382,0.414885663618493,0.172270260760708,0.707593560664216
